-- phpMyAdmin SQL Dump
-- version 4.7.4
-- https://www.phpmyadmin.net/
--
-- Host: 127.0.0.1:3306
-- Generation Time: Sep 01, 2018 at 02:54 PM
-- Server version: 5.7.19
-- PHP Version: 7.1.9

SET SQL_MODE = "NO_AUTO_VALUE_ON_ZERO";
SET AUTOCOMMIT = 0;
START TRANSACTION;
SET time_zone = "+00:00";


/*!40101 SET @OLD_CHARACTER_SET_CLIENT=@@CHARACTER_SET_CLIENT */;
/*!40101 SET @OLD_CHARACTER_SET_RESULTS=@@CHARACTER_SET_RESULTS */;
/*!40101 SET @OLD_COLLATION_CONNECTION=@@COLLATION_CONNECTION */;
/*!40101 SET NAMES utf8mb4 */;

--
-- Database: `eapi`
--

-- --------------------------------------------------------

--
-- Table structure for table `migrations`
--

DROP TABLE IF EXISTS `migrations`;
CREATE TABLE IF NOT EXISTS `migrations` (
  `id` int(10) UNSIGNED NOT NULL AUTO_INCREMENT,
  `migration` varchar(191) COLLATE utf8mb4_unicode_ci NOT NULL,
  `batch` int(11) NOT NULL,
  PRIMARY KEY (`id`)
) ENGINE=MyISAM AUTO_INCREMENT=5 DEFAULT CHARSET=utf8mb4 COLLATE=utf8mb4_unicode_ci;

--
-- Dumping data for table `migrations`
--

INSERT INTO `migrations` (`id`, `migration`, `batch`) VALUES
(1, '2014_10_12_000000_create_users_table', 1),
(2, '2014_10_12_100000_create_password_resets_table', 1),
(3, '2018_09_01_135407_create_products_table', 1),
(4, '2018_09_01_135431_create_reviews_table', 1);

-- --------------------------------------------------------

--
-- Table structure for table `password_resets`
--

DROP TABLE IF EXISTS `password_resets`;
CREATE TABLE IF NOT EXISTS `password_resets` (
  `email` varchar(191) COLLATE utf8mb4_unicode_ci NOT NULL,
  `token` varchar(191) COLLATE utf8mb4_unicode_ci NOT NULL,
  `created_at` timestamp NULL DEFAULT NULL,
  KEY `password_resets_email_index` (`email`)
) ENGINE=MyISAM DEFAULT CHARSET=utf8mb4 COLLATE=utf8mb4_unicode_ci;

-- --------------------------------------------------------

--
-- Table structure for table `products`
--

DROP TABLE IF EXISTS `products`;
CREATE TABLE IF NOT EXISTS `products` (
  `id` int(10) UNSIGNED NOT NULL AUTO_INCREMENT,
  `name` varchar(191) COLLATE utf8mb4_unicode_ci NOT NULL,
  `detail` text COLLATE utf8mb4_unicode_ci NOT NULL,
  `price` int(11) NOT NULL,
  `stock` int(11) NOT NULL,
  `discount` int(11) NOT NULL,
  `created_at` timestamp NULL DEFAULT NULL,
  `updated_at` timestamp NULL DEFAULT NULL,
  PRIMARY KEY (`id`)
) ENGINE=MyISAM AUTO_INCREMENT=101 DEFAULT CHARSET=utf8mb4 COLLATE=utf8mb4_unicode_ci;

--
-- Dumping data for table `products`
--

INSERT INTO `products` (`id`, `name`, `detail`, `price`, `stock`, `discount`, `created_at`, `updated_at`) VALUES
(1, 'odio', 'Vero est magni voluptates id cupiditate suscipit qui. Est molestiae voluptates aut odio excepturi. Maxime magnam assumenda culpa commodi.', 549, 3, 21, '2018-09-01 08:51:32', '2018-09-01 08:51:32'),
(2, 'magnam', 'Necessitatibus numquam et magni sed nulla dignissimos eos. Consequatur debitis rerum debitis veniam voluptas. Nesciunt sunt fugiat eos omnis nostrum rerum.', 752, 0, 28, '2018-09-01 08:51:32', '2018-09-01 08:51:32'),
(3, 'expedita', 'Quam ut rem dolorum et praesentium. Numquam distinctio velit ipsum voluptas et quia non. Aut reiciendis nihil et impedit omnis recusandae voluptas. Animi vel est ut.', 613, 4, 2, '2018-09-01 08:51:32', '2018-09-01 08:51:32'),
(4, 'cupiditate', 'Repellendus quia et minus distinctio nisi voluptatem. Aut dicta sunt officiis debitis. Quibusdam ipsa commodi et at velit ut voluptatem. Voluptatem fugiat deserunt beatae eum rerum at eum.', 494, 3, 17, '2018-09-01 08:51:32', '2018-09-01 08:51:32'),
(5, 'ducimus', 'Nihil sint non at dolor qui molestiae. Nisi praesentium eum sunt exercitationem enim. Aut dolores praesentium voluptatum fuga. Voluptas alias maiores quasi odio et tenetur odio ut. Quos suscipit magni sit rerum et voluptas.', 708, 7, 10, '2018-09-01 08:51:32', '2018-09-01 08:51:32'),
(6, 'beatae', 'Aliquid nemo ut exercitationem quos. Reiciendis ut iste adipisci eum sint quibusdam esse. Facilis necessitatibus rerum aut similique. Vero quasi qui expedita cumque hic amet quasi.', 386, 7, 14, '2018-09-01 08:51:32', '2018-09-01 08:51:32'),
(7, 'rem', 'Illum nisi neque delectus. Non voluptatem molestiae repellendus ipsa quaerat nemo sint reiciendis.', 397, 5, 21, '2018-09-01 08:51:32', '2018-09-01 08:51:32'),
(8, 'eum', 'Eveniet et et odio fugiat dolore rerum. Ratione numquam ut tenetur sint ducimus. Consequatur velit vel enim ipsa.', 311, 5, 4, '2018-09-01 08:51:32', '2018-09-01 08:51:32'),
(9, 'fugiat', 'Sit autem non similique et ducimus quis. Consequatur sint eaque qui unde ipsam velit id. Quo porro reiciendis et dignissimos voluptas sed. Nostrum voluptas et consequatur nihil autem.', 419, 4, 28, '2018-09-01 08:51:32', '2018-09-01 08:51:32'),
(10, 'accusantium', 'Et cupiditate porro ab voluptatem totam voluptas. Fuga consectetur non voluptatem aut deserunt doloremque earum. Error repellat dolore quam corrupti.', 378, 6, 9, '2018-09-01 08:51:32', '2018-09-01 08:51:32'),
(11, 'inventore', 'Dignissimos perspiciatis qui eum modi sunt voluptatum qui suscipit. Culpa tempora ratione et in. Natus repellendus dolores vero ducimus qui. Ut aut voluptatum aut numquam minus.', 366, 9, 26, '2018-09-01 08:51:32', '2018-09-01 08:51:32'),
(12, 'alias', 'Quas voluptas voluptates quis dolorem quam. Qui harum eligendi assumenda. Tenetur voluptatem aut incidunt incidunt velit.', 364, 1, 8, '2018-09-01 08:51:32', '2018-09-01 08:51:32'),
(13, 'repudiandae', 'Voluptatibus consequatur aliquam natus incidunt omnis magni. Quia reiciendis ex voluptate est veniam molestias qui aliquam. Quia maxime voluptatem similique sunt. Est est optio quia non eius quis.', 441, 7, 28, '2018-09-01 08:51:32', '2018-09-01 08:51:32'),
(14, 'et', 'Beatae est deserunt sequi id quas. Eveniet quis ut praesentium doloremque debitis eligendi. Dolores amet voluptas et aut.', 670, 4, 2, '2018-09-01 08:51:32', '2018-09-01 08:51:32'),
(15, 'sunt', 'Et in odio et. Ipsam commodi consequatur reiciendis et similique. Eius voluptatem aut quae perspiciatis molestias. Esse necessitatibus natus voluptatibus animi aliquid quas enim commodi.', 964, 2, 9, '2018-09-01 08:51:32', '2018-09-01 08:51:32'),
(16, 'maxime', 'Incidunt voluptate autem est. Magni nihil reiciendis soluta blanditiis illum porro qui quas. Voluptatem dignissimos quisquam ea eum. Numquam soluta quisquam quia enim sed asperiores corporis. Commodi perspiciatis fugit ea esse veniam.', 716, 1, 30, '2018-09-01 08:51:32', '2018-09-01 08:51:32'),
(17, 'quos', 'Culpa beatae sed ullam quia ut reiciendis quod. Ut et doloribus sint quisquam dolore et nam assumenda. Nihil quisquam et optio provident. Et repudiandae qui nemo est.', 401, 0, 16, '2018-09-01 08:51:32', '2018-09-01 08:51:32'),
(18, 'id', 'Voluptatem distinctio molestiae quas ipsa magni. Blanditiis cum excepturi omnis debitis enim nihil. Provident qui excepturi voluptatem illo dicta in.', 534, 7, 2, '2018-09-01 08:51:32', '2018-09-01 08:51:32'),
(19, 'dolore', 'Cum quasi voluptatem commodi magni adipisci ratione. Velit animi dolorem ullam pariatur inventore dolorem. Perspiciatis veniam voluptatum consequuntur expedita qui.', 250, 0, 28, '2018-09-01 08:51:32', '2018-09-01 08:51:32'),
(20, 'sapiente', 'Pariatur ea mollitia dolores odio dolor quidem. Earum enim aspernatur rerum sit quo. Molestias expedita eos et commodi corrupti similique officia quidem.', 711, 5, 30, '2018-09-01 08:51:32', '2018-09-01 08:51:32'),
(21, 'aut', 'Saepe aliquam nostrum ea magni natus. Vitae asperiores vitae id aliquam magnam ut molestiae quidem. Nulla ratione ut distinctio et quia. Minus animi assumenda praesentium optio doloribus.', 299, 1, 2, '2018-09-01 08:51:32', '2018-09-01 08:51:32'),
(22, 'debitis', 'Neque officia sunt et accusamus dolor ipsum et sed. Accusantium quae non omnis mollitia ullam exercitationem. Quaerat eum cumque facilis est.', 393, 4, 20, '2018-09-01 08:51:32', '2018-09-01 08:51:32'),
(23, 'ratione', 'Officia ut dolorem expedita ea asperiores ut. Voluptatem ut et consequatur libero a est.', 741, 3, 18, '2018-09-01 08:51:32', '2018-09-01 08:51:32'),
(24, 'alias', 'Optio itaque cupiditate quasi sunt tempore. Officiis sit voluptas autem corrupti sunt.', 272, 4, 14, '2018-09-01 08:51:32', '2018-09-01 08:51:32'),
(25, 'qui', 'Voluptatem illo eaque ut nisi provident illo id. Neque aliquam corrupti doloremque totam dolores.', 222, 5, 8, '2018-09-01 08:51:32', '2018-09-01 08:51:32'),
(26, 'ut', 'Amet aut libero quod. Esse voluptas inventore voluptatem esse sunt. Et perferendis ex quae nobis repellat animi esse voluptatibus. Dolore inventore sunt nulla quia ut aut. Velit a corporis reiciendis suscipit deleniti impedit sed.', 686, 9, 5, '2018-09-01 08:51:32', '2018-09-01 08:51:32'),
(27, 'quibusdam', 'Tempora ut ut cupiditate quaerat ut dignissimos. Delectus tempore est similique cupiditate enim sed rerum nobis. Hic voluptatem dignissimos qui dolorem.', 709, 1, 17, '2018-09-01 08:51:32', '2018-09-01 08:51:32'),
(28, 'earum', 'Dolor velit similique ipsum dolorem. Non voluptates ab occaecati voluptate quia. Dolorem vel aut reprehenderit eveniet. Quod quis non amet et illum.', 773, 1, 3, '2018-09-01 08:51:32', '2018-09-01 08:51:32'),
(29, 'laudantium', 'Ut delectus voluptate doloribus ut quibusdam. Qui odit magni ratione ab corrupti. Exercitationem nemo veniam occaecati tempora at quisquam.', 916, 7, 2, '2018-09-01 08:51:32', '2018-09-01 08:51:32'),
(30, 'commodi', 'Numquam tempora natus ipsam possimus numquam vel dicta. Quaerat nesciunt non corporis consequatur numquam nobis at. Voluptatem nesciunt aliquam non repellat.', 325, 4, 5, '2018-09-01 08:51:32', '2018-09-01 08:51:32'),
(31, 'et', 'Aut est qui omnis et nihil et laboriosam. Fuga similique nihil repellat delectus et ut aut cumque. Recusandae sed qui suscipit. Eius veritatis nobis rerum maiores consequatur optio omnis harum.', 379, 3, 4, '2018-09-01 08:51:32', '2018-09-01 08:51:32'),
(32, 'voluptatem', 'Cum esse consequatur id est. Rerum voluptates qui corrupti omnis nihil. Deserunt eius non est cumque impedit rerum qui quidem. Qui velit eum consequuntur iusto.', 395, 6, 22, '2018-09-01 08:51:32', '2018-09-01 08:51:32'),
(33, 'consequatur', 'Cumque doloremque rerum eum non. Neque omnis corrupti et ut doloremque odio sit. Cupiditate sed neque minima culpa quod omnis.', 487, 8, 3, '2018-09-01 08:51:32', '2018-09-01 08:51:32'),
(34, 'quo', 'Architecto optio excepturi dolorem sit laudantium. Dicta voluptas mollitia sapiente praesentium consequatur provident error. Enim beatae enim autem qui nostrum.', 434, 9, 14, '2018-09-01 08:51:32', '2018-09-01 08:51:32'),
(35, 'minus', 'Quibusdam earum ad libero dolores qui. Et quod ea quis et est sapiente et. Aliquam enim beatae tenetur qui itaque. Laborum reprehenderit quibusdam autem omnis impedit beatae quas.', 296, 3, 19, '2018-09-01 08:51:32', '2018-09-01 08:51:32'),
(36, 'rerum', 'Inventore aut eveniet officiis et magni. Quis assumenda voluptatem architecto amet. Eligendi nihil inventore pariatur tempore qui aut. Qui quia accusamus et quibusdam corrupti voluptatibus.', 108, 5, 11, '2018-09-01 08:51:32', '2018-09-01 08:51:32'),
(37, 'sed', 'Quia dignissimos sunt cumque aut. Libero qui ut sed quia iusto magni sint. Ullam officiis quae fuga nobis occaecati.', 201, 3, 6, '2018-09-01 08:51:32', '2018-09-01 08:51:32'),
(38, 'temporibus', 'Adipisci molestias enim voluptates dolorem ea. Rem animi dolorum quia quia quibusdam consequatur aut. Quo aut magni molestiae nihil eos nemo. Est occaecati repellendus dolores nisi vel et dicta.', 580, 5, 12, '2018-09-01 08:51:32', '2018-09-01 08:51:32'),
(39, 'fugiat', 'Fugit ut suscipit omnis inventore aut. Quisquam sed dolorum sit consequatur corrupti. Sunt harum fuga vero impedit eaque rerum. Veniam eligendi enim nemo voluptas explicabo qui.', 749, 0, 3, '2018-09-01 08:51:32', '2018-09-01 08:51:32'),
(40, 'est', 'Voluptates ea molestiae sit distinctio ut laboriosam consequatur consequatur. Quo voluptatem earum reprehenderit perferendis. Error numquam et expedita quia maxime beatae ad.', 174, 3, 2, '2018-09-01 08:51:32', '2018-09-01 08:51:32'),
(41, 'ad', 'Dolore ut quia magni sed. Iste tempora id sequi ut assumenda molestias. Numquam porro ut dolor.', 292, 6, 17, '2018-09-01 08:51:32', '2018-09-01 08:51:32'),
(42, 'facere', 'Dolorem quos esse dignissimos ad. Suscipit et sit aperiam hic ut repellat. Quos delectus repudiandae architecto ab laudantium. Eveniet est officia excepturi illo quis et cum.', 249, 0, 19, '2018-09-01 08:51:32', '2018-09-01 08:51:32'),
(43, 'ratione', 'Amet odit numquam commodi quasi et deleniti quae. Ratione rerum saepe consequatur eius et possimus. Optio id nihil dolorem quia cumque.', 550, 3, 23, '2018-09-01 08:51:32', '2018-09-01 08:51:32'),
(44, 'sed', 'Quis in saepe omnis odit similique voluptate ut ut. Animi et sunt neque et vel nihil. Sed sunt in beatae repellendus quae et. Vero et minus alias quod voluptatem neque.', 104, 2, 8, '2018-09-01 08:51:32', '2018-09-01 08:51:32'),
(45, 'incidunt', 'Nihil odio libero et. Cupiditate libero voluptas officiis tempore. Eum doloremque facere consequuntur qui et necessitatibus voluptatem.', 762, 6, 8, '2018-09-01 08:51:32', '2018-09-01 08:51:32'),
(46, 'nobis', 'Sequi eveniet mollitia aut autem autem. Quibusdam necessitatibus qui consequuntur eum. Facilis amet quia velit ipsam aut molestiae ex. Adipisci saepe quam deserunt aut.', 961, 6, 11, '2018-09-01 08:51:32', '2018-09-01 08:51:32'),
(47, 'et', 'Id culpa est voluptate. Ad maiores voluptatum error deleniti. Corrupti tempore debitis reprehenderit odio ut aut. Eius perferendis placeat et ducimus.', 290, 3, 30, '2018-09-01 08:51:32', '2018-09-01 08:51:32'),
(48, 'atque', 'Officiis aut aperiam deleniti eos. Consequuntur officia exercitationem quisquam dolorum aut perferendis. Accusamus sed repellat similique. Fugit voluptates repudiandae laborum iste veritatis ab atque.', 102, 4, 29, '2018-09-01 08:51:32', '2018-09-01 08:51:32'),
(49, 'nihil', 'Non molestiae praesentium molestiae necessitatibus ut velit. Dolores blanditiis numquam et ut modi.', 737, 6, 10, '2018-09-01 08:51:32', '2018-09-01 08:51:32'),
(50, 'quia', 'Sint est minus id quis enim explicabo. Et fugit qui dicta ut. Quia quam consequatur voluptatum sunt sapiente necessitatibus.', 894, 9, 20, '2018-09-01 08:51:32', '2018-09-01 08:51:32'),
(51, 'sit', 'Numquam repellendus voluptatem corrupti illo delectus minus. Illo dignissimos nam minima voluptas asperiores aut velit. Quia cum unde ex et autem fugiat repudiandae ipsa. Vel maxime repellendus provident ad esse.', 353, 1, 13, '2018-09-01 08:52:31', '2018-09-01 08:52:31'),
(52, 'vel', 'Aut suscipit consequatur similique consequatur voluptate. Et in vel eos vel similique. Maxime fugiat enim quia ad eligendi. Aut nesciunt odit nulla ipsum sit magnam aliquid.', 135, 5, 9, '2018-09-01 08:52:31', '2018-09-01 08:52:31'),
(53, 'aspernatur', 'Architecto sint pariatur ratione molestiae consequatur quibusdam ducimus. Nesciunt inventore velit corrupti accusantium laudantium voluptas. Hic voluptas quia omnis. Iure autem amet in vel eaque a. Voluptas ut sapiente autem et excepturi.', 759, 8, 18, '2018-09-01 08:52:31', '2018-09-01 08:52:31'),
(54, 'corporis', 'Nulla aut officiis dolorem officiis iure officia rerum. Quis cupiditate fugit suscipit est doloremque. Fugit molestiae maiores et quo fugiat ullam. Ex tenetur qui numquam tenetur ea qui voluptas.', 582, 3, 13, '2018-09-01 08:52:31', '2018-09-01 08:52:31'),
(55, 'odit', 'Cumque natus corrupti unde quis. Iusto rerum corrupti eos blanditiis ab ratione. Et laudantium et reiciendis ex sed est architecto. Qui exercitationem eius nemo nisi repellendus ut reiciendis et.', 467, 3, 11, '2018-09-01 08:52:31', '2018-09-01 08:52:31'),
(56, 'qui', 'Est impedit occaecati ut. Accusantium et doloribus magni enim minima. Porro repellendus ut eum accusamus.', 261, 1, 15, '2018-09-01 08:52:31', '2018-09-01 08:52:31'),
(57, 'omnis', 'Molestiae officia non quibusdam. Id eius laborum corporis nesciunt qui. Quasi fugit possimus est aut ipsa minus maiores. Modi iure quod debitis dolorem corporis eligendi.', 158, 9, 7, '2018-09-01 08:52:31', '2018-09-01 08:52:31'),
(58, 'necessitatibus', 'Ea est accusamus mollitia molestiae. Minima facere nesciunt eos quo corporis. Quos et non doloremque et expedita.', 491, 0, 30, '2018-09-01 08:52:31', '2018-09-01 08:52:31'),
(59, 'neque', 'Voluptatibus iste ut placeat aliquam. Alias id officia amet consequatur vel. Odio et recusandae ut amet id. In odit dolore est nam eos et.', 800, 7, 17, '2018-09-01 08:52:31', '2018-09-01 08:52:31'),
(60, 'rem', 'Et aliquid eum praesentium odit voluptatibus. Laborum quam eius nobis saepe sit quasi. Aut voluptate numquam at sequi magnam. Autem quasi autem ea nihil.', 986, 5, 25, '2018-09-01 08:52:31', '2018-09-01 08:52:31'),
(61, 'voluptatibus', 'Fuga omnis doloribus et exercitationem minima. Consequatur sint officiis voluptatem rerum quos illo. Magni quod est eveniet debitis quo velit. Quis ducimus sequi non labore quas repellat neque.', 457, 9, 10, '2018-09-01 08:52:31', '2018-09-01 08:52:31'),
(62, 'quasi', 'Et quos cumque rem itaque. Dicta porro enim unde harum et quidem blanditiis. Eos ut non sed quia ex quidem. Magnam soluta et delectus dolore. Voluptatem est quisquam et.', 384, 1, 15, '2018-09-01 08:52:31', '2018-09-01 08:52:31'),
(63, 'voluptatem', 'Qui sint praesentium velit quis et dolor aut. Consequatur pariatur quis fugit accusantium modi. Nulla neque ratione aut odit. Possimus perferendis repudiandae doloremque quibusdam. Et iste dignissimos nihil sit et quia.', 619, 5, 6, '2018-09-01 08:52:31', '2018-09-01 08:52:31'),
(64, 'quod', 'Iste iure sunt quaerat rerum non. Ut at omnis modi et distinctio aut dolore. Ratione amet cupiditate corporis. Ullam est dolores quia sit autem.', 864, 2, 19, '2018-09-01 08:52:31', '2018-09-01 08:52:31'),
(65, 'consequatur', 'Sit cumque et facere labore. Cumque minus molestiae in voluptate dolores reiciendis labore. Sed quae id nostrum consequuntur. Nisi quas dicta fugit natus aut.', 222, 2, 3, '2018-09-01 08:52:31', '2018-09-01 08:52:31'),
(66, 'expedita', 'Est fuga sunt eos quos. Praesentium odit et velit tenetur aut fugiat voluptatem. Et est itaque quia amet sed saepe distinctio.', 615, 8, 2, '2018-09-01 08:52:31', '2018-09-01 08:52:31'),
(67, 'possimus', 'Unde ad earum fugit cumque. Ipsa eaque molestias illum odio. Sunt accusamus quasi reiciendis.', 838, 3, 22, '2018-09-01 08:52:31', '2018-09-01 08:52:31'),
(68, 'rerum', 'Dolorum reiciendis hic sit explicabo debitis neque minus. Optio voluptatum inventore omnis doloribus aut provident. Aut est minus dolores cupiditate omnis non tempore sed.', 753, 2, 27, '2018-09-01 08:52:31', '2018-09-01 08:52:31'),
(69, 'cumque', 'Aperiam et quaerat quae exercitationem iure quidem. Sed et dolorem eum quos qui. Nesciunt ea ullam iusto nostrum. Quasi iste est fugiat omnis corporis eos.', 499, 6, 19, '2018-09-01 08:52:31', '2018-09-01 08:52:31'),
(70, 'doloremque', 'Odio neque et ut. Consequatur et deserunt commodi velit quis. Magni praesentium molestias earum odit. Qui quas voluptatum earum rem quo.', 293, 8, 19, '2018-09-01 08:52:31', '2018-09-01 08:52:31'),
(71, 'dolor', 'Deserunt quo et placeat blanditiis accusamus dolorum expedita explicabo. Dolores temporibus cupiditate repellendus omnis. Quis itaque qui vitae dignissimos eaque. Ipsa sint quia incidunt vero.', 589, 1, 29, '2018-09-01 08:52:31', '2018-09-01 08:52:31'),
(72, 'eius', 'Rerum occaecati dolores ab delectus fugit eum vero. Culpa facere asperiores adipisci. Numquam animi cupiditate animi nemo enim fuga quaerat. Numquam modi velit sit dolorem voluptatem soluta atque.', 399, 1, 22, '2018-09-01 08:52:31', '2018-09-01 08:52:31'),
(73, 'dolor', 'Magnam harum numquam corrupti facere. Consequatur pariatur consequuntur itaque consequatur ut maiores porro. Nisi officiis et qui ullam minima suscipit non. Quis aspernatur reiciendis recusandae dolores libero ex dolor.', 274, 2, 19, '2018-09-01 08:52:31', '2018-09-01 08:52:31'),
(74, 'doloremque', 'Possimus debitis numquam voluptas voluptate itaque minus. Ipsa quam omnis rem vel voluptas. Quo provident aspernatur omnis aliquam excepturi ullam id. Odit rerum fuga laborum recusandae modi eius veniam.', 989, 5, 14, '2018-09-01 08:52:31', '2018-09-01 08:52:31'),
(75, 'hic', 'Animi quisquam est occaecati. Iusto non magnam ab. Qui ad maxime nam unde veniam itaque.', 396, 3, 15, '2018-09-01 08:52:31', '2018-09-01 08:52:31'),
(76, 'voluptates', 'Possimus cumque non molestiae et. Nihil sed ipsam eos repellendus. Consectetur consectetur quam dolore qui perferendis deserunt inventore.', 359, 7, 6, '2018-09-01 08:52:31', '2018-09-01 08:52:31'),
(77, 'minima', 'Ut dolores quia dolores at iusto quibusdam mollitia. Numquam dolores tempore quia perferendis iusto. Est vel eaque quaerat repudiandae in quia veniam.', 103, 8, 4, '2018-09-01 08:52:31', '2018-09-01 08:52:31'),
(78, 'voluptatem', 'Numquam dolorum reprehenderit id quae eius autem explicabo. Voluptas dolores ut quis eum at delectus. Porro et quisquam et quia voluptate aut quas.', 839, 2, 15, '2018-09-01 08:52:31', '2018-09-01 08:52:31'),
(79, 'voluptas', 'Asperiores eum sed aspernatur voluptas tempora. Fugiat et sunt qui nobis quaerat non. Quod adipisci ducimus velit saepe. Nobis fuga fugit perspiciatis vel.', 345, 0, 24, '2018-09-01 08:52:31', '2018-09-01 08:52:31'),
(80, 'dolorem', 'Aliquam debitis quis commodi veniam sunt. Cupiditate eum velit rerum earum dolorem sequi. Possimus et occaecati sed incidunt quia blanditiis architecto.', 453, 3, 22, '2018-09-01 08:52:31', '2018-09-01 08:52:31'),
(81, 'ipsum', 'Hic iste repellendus occaecati. Non id voluptas sint deleniti praesentium. Id maxime molestias ea itaque beatae consectetur voluptas.', 626, 3, 24, '2018-09-01 08:52:31', '2018-09-01 08:52:31'),
(82, 'et', 'Cumque ea numquam ea ut enim debitis. Quam sed labore nemo perspiciatis autem asperiores et. Assumenda aut eveniet voluptas ad. Et suscipit a architecto repellat repellendus.', 443, 7, 30, '2018-09-01 08:52:31', '2018-09-01 08:52:31'),
(83, 'doloremque', 'Ut vitae non iusto quas molestias quia pariatur. Quasi et ratione quo ut provident unde. Autem fugiat dolores quia sed deleniti non inventore.', 796, 4, 5, '2018-09-01 08:52:31', '2018-09-01 08:52:31'),
(84, 'et', 'Et officia a soluta adipisci non. Suscipit sapiente ex omnis ex eaque est vitae. Iure consequuntur tenetur repudiandae.', 996, 0, 26, '2018-09-01 08:52:31', '2018-09-01 08:52:31'),
(85, 'et', 'Voluptatibus animi eaque dolorem aliquam. Rem aspernatur vel aut magni. Rerum atque iste similique ut magnam consequatur voluptatibus. Unde quia ipsum qui rerum id dolorem sed.', 690, 4, 23, '2018-09-01 08:52:31', '2018-09-01 08:52:31'),
(86, 'officia', 'Tempore nostrum est porro porro natus. Incidunt officia dolor ipsam. Nostrum nihil ea et aut quia quo. Consectetur ut necessitatibus tempora laudantium.', 375, 5, 9, '2018-09-01 08:52:31', '2018-09-01 08:52:31'),
(87, 'rerum', 'Voluptates id consequatur et laboriosam accusantium sit ut. Illo est quis nulla ab. Sit inventore quam sit et aut.', 878, 9, 18, '2018-09-01 08:52:31', '2018-09-01 08:52:31'),
(88, 'inventore', 'Ullam inventore quos necessitatibus consequatur doloremque. Reprehenderit architecto ut esse eos autem omnis atque molestiae. Sit consequatur voluptas est eos qui dolorum accusantium. Culpa omnis aperiam vitae reiciendis et quibusdam officia.', 760, 5, 18, '2018-09-01 08:52:31', '2018-09-01 08:52:31'),
(89, 'dolores', 'Aut et fugit facilis ipsum tempora et. Et odit consequuntur id tenetur. Minima dicta quia aut facere. Doloribus molestias ullam et minus numquam reprehenderit quas nostrum.', 963, 2, 25, '2018-09-01 08:52:31', '2018-09-01 08:52:31'),
(90, 'est', 'Tempora dignissimos id non voluptatum debitis illum quia. Error accusantium placeat enim. Architecto et ipsa quas vel autem laudantium error. Et aut pariatur quos asperiores vel.', 104, 2, 30, '2018-09-01 08:52:31', '2018-09-01 08:52:31'),
(91, 'numquam', 'Consequatur repudiandae architecto qui commodi quae. Et quo voluptatem eos sed. Ut odit quae ut dolorum nostrum. Perferendis quam nam consectetur.', 745, 9, 22, '2018-09-01 08:52:31', '2018-09-01 08:52:31'),
(92, 'assumenda', 'Adipisci dicta excepturi corporis. Non rerum nulla accusamus eos error eius. Ipsum non culpa veniam magnam.', 774, 1, 24, '2018-09-01 08:52:31', '2018-09-01 08:52:31'),
(93, 'consequatur', 'Voluptatem quae dolorum odio sit in hic. Corporis sed saepe est tempora a est. Nemo iste alias qui et rerum a. Et ut maiores vel et qui similique dignissimos.', 592, 6, 28, '2018-09-01 08:52:31', '2018-09-01 08:52:31'),
(94, 'animi', 'Autem velit voluptates incidunt autem dicta et praesentium. Cupiditate voluptatibus dignissimos occaecati ea eligendi. Explicabo et omnis sed sed dicta quia eos debitis.', 718, 1, 10, '2018-09-01 08:52:31', '2018-09-01 08:52:31'),
(95, 'perspiciatis', 'Eos alias et excepturi aperiam est. Est neque necessitatibus possimus ratione repudiandae.', 783, 4, 16, '2018-09-01 08:52:31', '2018-09-01 08:52:31'),
(96, 'libero', 'Commodi corrupti repellat aut ratione architecto id. Quo est unde iusto ut voluptatem eum. Et cum dolorum quis quis. Veniam explicabo accusamus praesentium qui voluptate.', 740, 1, 6, '2018-09-01 08:52:31', '2018-09-01 08:52:31'),
(97, 'explicabo', 'Qui modi numquam qui. Dolorem ipsum nihil excepturi est et quia aliquam pariatur. Esse eius quibusdam error recusandae velit eos atque. Ipsa assumenda possimus facilis amet nulla quasi vel excepturi.', 550, 7, 28, '2018-09-01 08:52:31', '2018-09-01 08:52:31'),
(98, 'reiciendis', 'Soluta accusamus nemo est animi. Qui sunt facere voluptatem non nemo eos doloribus. Enim impedit omnis delectus iste.', 682, 8, 12, '2018-09-01 08:52:31', '2018-09-01 08:52:31'),
(99, 'est', 'Consequatur et incidunt in mollitia. Aut optio nobis aut vel odit. Iusto sint consequatur et eum corporis ut ut. Ab repudiandae dolor nulla optio ipsum.', 537, 0, 24, '2018-09-01 08:52:31', '2018-09-01 08:52:31'),
(100, 'voluptatem', 'Nisi totam fugiat natus exercitationem ipsa. Sed enim nobis et cumque et perspiciatis et. Quisquam reprehenderit illo quae dicta repellat. Voluptatum odio provident fugit iste.', 216, 4, 7, '2018-09-01 08:52:31', '2018-09-01 08:52:31');

-- --------------------------------------------------------

--
-- Table structure for table `reviews`
--

DROP TABLE IF EXISTS `reviews`;
CREATE TABLE IF NOT EXISTS `reviews` (
  `id` int(10) UNSIGNED NOT NULL AUTO_INCREMENT,
  `product_id` int(10) UNSIGNED NOT NULL,
  `customer` varchar(191) COLLATE utf8mb4_unicode_ci NOT NULL,
  `review` text COLLATE utf8mb4_unicode_ci NOT NULL,
  `star` int(11) NOT NULL,
  `created_at` timestamp NULL DEFAULT NULL,
  `updated_at` timestamp NULL DEFAULT NULL,
  PRIMARY KEY (`id`),
  KEY `reviews_product_id_index` (`product_id`)
) ENGINE=MyISAM AUTO_INCREMENT=301 DEFAULT CHARSET=utf8mb4 COLLATE=utf8mb4_unicode_ci;

--
-- Dumping data for table `reviews`
--

INSERT INTO `reviews` (`id`, `product_id`, `customer`, `review`, `star`, `created_at`, `updated_at`) VALUES
(1, 41, 'Anastacio Aufderhar I', 'Dolorum esse minima et laudantium omnis neque. Architecto autem modi in repudiandae velit qui.', 5, '2018-09-01 08:52:32', '2018-09-01 08:52:32'),
(2, 10, 'Dr. Josh Jerde', 'Ut neque rerum accusamus. Ullam et iusto odio id qui. Sed asperiores dolor et placeat quod at et. Minima officiis labore officia sit dolore dolor.', 4, '2018-09-01 08:52:32', '2018-09-01 08:52:32'),
(3, 59, 'Ramona Altenwerth', 'Laboriosam qui deleniti sed dolor ea aspernatur nam. Enim beatae ut quam ducimus. Cumque mollitia repellat ratione voluptatum nulla nisi in. Totam labore velit deserunt in accusamus error.', 3, '2018-09-01 08:52:32', '2018-09-01 08:52:32'),
(4, 91, 'Cassidy McLaughlin', 'Illum qui accusamus qui. Voluptate voluptatum iste sapiente ducimus consectetur ipsa. Hic voluptatum ipsum omnis totam corporis porro quibusdam. Accusantium pariatur impedit adipisci commodi et dicta rerum. Soluta est molestiae sint vitae itaque et ut.', 5, '2018-09-01 08:52:32', '2018-09-01 08:52:32'),
(5, 93, 'Prof. Peyton Schmidt MD', 'Delectus et excepturi quia reiciendis eaque expedita. Impedit error blanditiis veritatis illum facere assumenda.', 0, '2018-09-01 08:52:32', '2018-09-01 08:52:32'),
(6, 35, 'Edward Bosco', 'Ut vero voluptatem quis natus sint rerum. Sunt aliquam modi aliquid vel. Et temporibus tempore temporibus et possimus ut. Occaecati quo sed voluptatem quia hic doloremque debitis repellat. Cupiditate aut qui omnis quasi ipsam eum.', 5, '2018-09-01 08:52:32', '2018-09-01 08:52:32'),
(7, 24, 'Lamont Graham', 'Et sit expedita voluptates amet unde iste optio ea. Et corrupti fugit consequatur consequatur cumque excepturi. Voluptate rerum facilis fugiat dicta accusamus sit. Cum voluptatem impedit illo quibusdam non molestiae nesciunt.', 5, '2018-09-01 08:52:32', '2018-09-01 08:52:32'),
(8, 67, 'Twila Stark', 'Eaque ratione et quis aut exercitationem est. Perspiciatis qui omnis consequuntur dolores. Ut minima qui dolorem.', 0, '2018-09-01 08:52:32', '2018-09-01 08:52:32'),
(9, 100, 'Cleve Muller II', 'Hic molestiae est nesciunt adipisci tempore. Labore itaque dolor et sunt. Id aut pariatur sunt eligendi quasi.', 2, '2018-09-01 08:52:32', '2018-09-01 08:52:32'),
(10, 81, 'Carlie Crist', 'Deserunt ullam quae doloremque voluptatem deserunt ut ullam. Sed totam est sed quaerat dolorem molestiae. Omnis ut ad molestias dignissimos.', 1, '2018-09-01 08:52:32', '2018-09-01 08:52:32'),
(11, 56, 'Abigail Kertzmann', 'Deleniti exercitationem vero eaque omnis. Et sunt magni eaque. Et est qui quia.', 2, '2018-09-01 08:52:32', '2018-09-01 08:52:32'),
(12, 19, 'Maximillian Strosin', 'Dolor reiciendis libero molestiae ea quis et magnam in. Odio voluptate minus debitis qui quas. Non cupiditate sunt hic aut vel. Ipsam ducimus sunt distinctio occaecati sequi velit qui.', 2, '2018-09-01 08:52:32', '2018-09-01 08:52:32'),
(13, 43, 'Dedrick Roberts', 'Quidem non quis rerum nulla occaecati. Itaque pariatur explicabo exercitationem ut. Consequatur animi quia itaque nam.', 5, '2018-09-01 08:52:32', '2018-09-01 08:52:32'),
(14, 58, 'Kevin Daugherty', 'Ullam omnis voluptatem error sed incidunt repudiandae eveniet. Molestiae fugit voluptas non est. Atque sequi suscipit et minima dolore. Beatae quidem sunt nemo beatae. Veniam tempora quia et voluptas.', 2, '2018-09-01 08:52:32', '2018-09-01 08:52:32'),
(15, 60, 'Adrienne Schimmel', 'Cumque qui ab fugit illum a perspiciatis. Temporibus est est veritatis nobis. Mollitia ut aliquid inventore dolore pariatur. Est eius ea deserunt maiores deserunt natus molestiae.', 2, '2018-09-01 08:52:32', '2018-09-01 08:52:32'),
(16, 33, 'Telly Nicolas', 'Veritatis error incidunt perferendis facilis accusamus sed. Debitis sed voluptas repudiandae ut.', 3, '2018-09-01 08:52:32', '2018-09-01 08:52:32'),
(17, 15, 'Darryl O\'Conner', 'At est voluptas ab ullam ut ut. Minus omnis perspiciatis necessitatibus iusto. Voluptate et nulla aspernatur et soluta sequi.', 3, '2018-09-01 08:52:32', '2018-09-01 08:52:32'),
(18, 70, 'Jena Mann', 'Voluptate sed numquam suscipit qui dolor laborum in aut. Corrupti itaque numquam at delectus eligendi aut sed. Voluptas quisquam sunt saepe omnis corrupti. Sit sapiente non consectetur impedit enim.', 0, '2018-09-01 08:52:32', '2018-09-01 08:52:32'),
(19, 54, 'Prof. Maci Grady', 'Cupiditate laudantium eveniet consequatur. Rerum est itaque numquam et dolor optio. Et doloremque dolorum vel.', 4, '2018-09-01 08:52:32', '2018-09-01 08:52:32'),
(20, 17, 'Icie O\'Reilly', 'Accusantium suscipit modi praesentium et tempore. Excepturi aut esse omnis deleniti qui numquam officiis.', 0, '2018-09-01 08:52:32', '2018-09-01 08:52:32'),
(21, 95, 'Adelle Walker', 'Fugit voluptatibus temporibus reiciendis nihil aut debitis. Explicabo id quas odit molestias est. Saepe voluptatum accusantium ut voluptatem iure aut ut.', 5, '2018-09-01 08:52:32', '2018-09-01 08:52:32'),
(22, 77, 'Dr. Dolly O\'Hara I', 'Maiores occaecati et nihil ex reprehenderit doloribus aliquam. Sunt eos sed sunt aut quia. Voluptatem temporibus iure dolor aut.', 5, '2018-09-01 08:52:32', '2018-09-01 08:52:32'),
(23, 8, 'Adrien White', 'Quia nobis quam recusandae non. Exercitationem facere ut suscipit culpa voluptas totam similique.', 3, '2018-09-01 08:52:32', '2018-09-01 08:52:32'),
(24, 1, 'Alexander Kutch', 'Quos earum consequatur ut molestiae eos. Modi cum autem est eum laborum et quam. Molestias officia iure ea at. Suscipit perferendis vel ut aliquid quam. Repellat maxime numquam error voluptatum cumque voluptatibus hic.', 0, '2018-09-01 08:52:32', '2018-09-01 08:52:32'),
(25, 14, 'Deion Effertz I', 'Rerum quia dolor ut voluptatem sit. Vero perferendis asperiores saepe ullam ad sit.', 1, '2018-09-01 08:52:32', '2018-09-01 08:52:32'),
(26, 17, 'Cicero Towne', 'Alias ut et asperiores quia nihil beatae. Eos et fuga impedit quidem. Quia ducimus minima ut quia ea ducimus maxime.', 0, '2018-09-01 08:52:32', '2018-09-01 08:52:32'),
(27, 40, 'Arjun Bednar I', 'Eum maiores dignissimos dolorum distinctio. Neque quis et sequi est qui sed. Quia non consectetur doloremque sit.', 5, '2018-09-01 08:52:32', '2018-09-01 08:52:32'),
(28, 86, 'Ted Gleason', 'Veritatis suscipit quidem aut distinctio quidem. Hic dolorem reiciendis odio et commodi aut quis. Modi cum quia harum voluptatem fuga. Rerum occaecati ut dignissimos et.', 1, '2018-09-01 08:52:32', '2018-09-01 08:52:32'),
(29, 53, 'Mr. Moses Johns', 'Voluptatem est quidem doloremque inventore consequuntur. Et id est cumque quia ipsum ratione repellendus. Pariatur alias doloremque sit natus quia quisquam molestiae animi. Temporibus laboriosam eaque ex dignissimos assumenda.', 3, '2018-09-01 08:52:32', '2018-09-01 08:52:32'),
(30, 2, 'Amalia Stanton', 'Aut inventore ut a omnis vero dolor. Nesciunt totam nobis doloremque ab. Natus ipsum quidem optio quasi dolor et. Dolore non possimus ut qui neque dolor.', 3, '2018-09-01 08:52:32', '2018-09-01 08:52:32'),
(31, 28, 'Mrs. Allison Huels', 'Facere eos est qui ut asperiores. Odio fuga quia eaque occaecati consequatur autem exercitationem. Iure aut ut sunt officia ut est cumque.', 0, '2018-09-01 08:52:32', '2018-09-01 08:52:32'),
(32, 86, 'Mrs. Holly Schoen', 'Quaerat quia autem eum ad atque suscipit. Quam suscipit impedit voluptate qui eligendi. Qui tempora consectetur odit quos eveniet recusandae voluptatem. Enim commodi aperiam ab laudantium deserunt reiciendis.', 3, '2018-09-01 08:52:32', '2018-09-01 08:52:32'),
(33, 75, 'Gabrielle Hettinger', 'Temporibus iusto et excepturi id maiores odit illum. Totam culpa ut quos tempore tempora. Error tenetur eligendi quibusdam eligendi error officia.', 1, '2018-09-01 08:52:32', '2018-09-01 08:52:32'),
(34, 78, 'Dillan Bashirian', 'Quia quos in sunt ut et id. Sit beatae ratione qui consequatur iste. Quia odio illum laborum labore adipisci. Quis natus est doloribus.', 0, '2018-09-01 08:52:32', '2018-09-01 08:52:32'),
(35, 13, 'Mrs. Annabell Klocko', 'Ipsam earum dolor saepe ea. Molestiae voluptatem nisi dolor.', 4, '2018-09-01 08:52:32', '2018-09-01 08:52:32'),
(36, 68, 'Kyla Langosh', 'Est molestias facere eaque qui impedit. Voluptates nulla eligendi excepturi sit. Sed rerum modi dolor nobis necessitatibus. Aut et reprehenderit dolor.', 3, '2018-09-01 08:52:32', '2018-09-01 08:52:32'),
(37, 35, 'Desiree Hane', 'Aut sit vitae eaque vero vitae consequatur optio. Omnis qui dicta aut quo ad repellat eligendi.', 2, '2018-09-01 08:52:32', '2018-09-01 08:52:32'),
(38, 24, 'Prof. Hassie Vandervort', 'Molestiae accusantium necessitatibus et. Nostrum labore eos harum non iure suscipit dolorem. Velit earum molestias aliquam quis suscipit quidem consectetur enim. Sapiente molestiae voluptatem consectetur consectetur.', 2, '2018-09-01 08:52:32', '2018-09-01 08:52:32'),
(39, 79, 'Tad Considine', 'Ullam aut et eos consectetur mollitia. Debitis alias corporis culpa quia. Iure velit eum fugiat magni omnis a quisquam. Et ex fugiat dolorum quis. Ullam aliquam enim ducimus ut eius molestiae quam.', 2, '2018-09-01 08:52:32', '2018-09-01 08:52:32'),
(40, 46, 'Miss Angeline Balistreri', 'Nulla enim quae rem temporibus et. Quos officia consequuntur dolores ipsum. Excepturi illo voluptas tempora perspiciatis. Laborum odio quo dolores distinctio.', 3, '2018-09-01 08:52:32', '2018-09-01 08:52:32'),
(41, 90, 'Wayne Thompson', 'Dolores ducimus numquam illo officiis temporibus. Sit laboriosam impedit aut qui dignissimos. Sunt omnis voluptatem quia et voluptatem odio nesciunt. Sapiente est error et debitis unde soluta illum. Temporibus qui et cupiditate sit ipsum qui.', 1, '2018-09-01 08:52:32', '2018-09-01 08:52:32'),
(42, 11, 'Mr. Kristopher Becker', 'Et laudantium voluptas et earum consequuntur deleniti non. Quas quod fuga ut quam itaque earum. Et natus est odio ea reiciendis voluptates.', 5, '2018-09-01 08:52:32', '2018-09-01 08:52:32'),
(43, 46, 'Haskell O\'Kon', 'Temporibus ut repellat inventore recusandae voluptatem. Sapiente doloribus velit quis optio distinctio omnis suscipit unde. Corrupti earum doloremque nulla illo ipsam et. Sed possimus amet veritatis.', 0, '2018-09-01 08:52:32', '2018-09-01 08:52:32'),
(44, 100, 'Minerva Schaden III', 'Blanditiis vel consequuntur qui laudantium harum corporis. Aut quis architecto voluptatibus aut facilis ipsam sapiente animi. At quibusdam quae omnis et velit.', 3, '2018-09-01 08:52:32', '2018-09-01 08:52:32'),
(45, 48, 'Morton Hills', 'Ex vel dignissimos dolores officia harum reiciendis tempore. Ducimus maiores beatae dolorum totam quasi. Voluptatem officia dolor in eos cum explicabo. Excepturi voluptatem reiciendis repellat.', 3, '2018-09-01 08:52:32', '2018-09-01 08:52:32'),
(46, 38, 'Magnus Wilkinson PhD', 'Quas qui culpa et quis consequatur. Et et et temporibus culpa et quaerat illum. Odio est aut fugiat voluptatem.', 2, '2018-09-01 08:52:32', '2018-09-01 08:52:32'),
(47, 77, 'Bernadine Green', 'Velit in tempora aut ratione quia enim. Consectetur iusto quae nisi suscipit voluptatum amet. Perferendis distinctio ut porro laborum cupiditate blanditiis officia porro. Quibusdam voluptates odio enim et et aliquid.', 0, '2018-09-01 08:52:32', '2018-09-01 08:52:32'),
(48, 83, 'Ayla Greenholt V', 'Fugit quod sed voluptas inventore est facere. Voluptatem quae blanditiis non debitis. Aut error repudiandae aut occaecati totam et in. Eaque in officia itaque voluptate accusantium enim.', 1, '2018-09-01 08:52:32', '2018-09-01 08:52:32'),
(49, 44, 'Ms. Rosemarie Lubowitz DDS', 'Eveniet odit commodi aliquam quod enim distinctio qui. Eum ratione hic placeat eos.', 3, '2018-09-01 08:52:32', '2018-09-01 08:52:32'),
(50, 39, 'Kevin Stanton DDS', 'Sed voluptatem quas cum dolorem. In molestiae facilis beatae quasi dignissimos. Magnam quae qui officia aut nobis dolorem et. Consequatur dolorem debitis accusamus sit voluptas.', 5, '2018-09-01 08:52:32', '2018-09-01 08:52:32'),
(51, 77, 'Diamond Raynor', 'Accusamus autem consequuntur eligendi natus. Omnis qui error qui provident magni. Corporis dolore asperiores qui ipsa suscipit rerum soluta ea.', 0, '2018-09-01 08:52:32', '2018-09-01 08:52:32'),
(52, 45, 'Dr. Frankie Okuneva V', 'Quia voluptas aut architecto expedita maxime illo quia. Sit iusto perferendis soluta impedit. Aut consequatur dolores dolores quia modi omnis. Sapiente tempora sit minus voluptatem.', 5, '2018-09-01 08:52:32', '2018-09-01 08:52:32'),
(53, 98, 'Jonas Becker DVM', 'Ut laborum soluta nesciunt provident tenetur dolorum. Esse voluptas libero iusto consectetur. Molestiae ratione officia quisquam ut fugit excepturi quaerat. Sunt ea consequuntur sit nihil.', 5, '2018-09-01 08:52:32', '2018-09-01 08:52:32'),
(54, 36, 'Kirstin Batz', 'Voluptate consequuntur dolorem odio est vel blanditiis repellendus aliquid. Dolorem ad quasi aliquid illum consectetur laudantium. Ipsum nesciunt nostrum molestiae nam quisquam fugiat neque.', 4, '2018-09-01 08:52:32', '2018-09-01 08:52:32'),
(55, 47, 'Laurence Lakin I', 'Et modi eius qui harum earum cum repudiandae deserunt. Dolorum facere magnam repellat non. Consequatur eveniet voluptas excepturi quaerat est ut nostrum. Autem explicabo pariatur enim illo voluptatum ratione.', 1, '2018-09-01 08:52:32', '2018-09-01 08:52:32'),
(56, 43, 'Jaclyn Schmeler', 'Et beatae nostrum aut sequi et amet consequatur. Tempora repellat itaque cum ipsam. Aut ut eveniet dolores nulla.', 5, '2018-09-01 08:52:32', '2018-09-01 08:52:32'),
(57, 80, 'Glenda Aufderhar', 'Unde vel occaecati quis voluptas sint est vel. Pariatur odit maiores eaque quam soluta. Consequatur totam omnis fuga maxime optio assumenda aliquid.', 3, '2018-09-01 08:52:32', '2018-09-01 08:52:32'),
(58, 96, 'Sabrina Stanton DVM', 'Consequatur alias distinctio odit. Aut et debitis quo consectetur velit autem delectus. Eaque sint illum nihil.', 5, '2018-09-01 08:52:32', '2018-09-01 08:52:32'),
(59, 55, 'Maxie Emard', 'Vel tempora accusantium consequuntur voluptate. Laborum natus incidunt quod. Illo nisi eum aut laborum qui provident. Dolor soluta dolorem deserunt asperiores odio.', 0, '2018-09-01 08:52:32', '2018-09-01 08:52:32'),
(60, 72, 'Mr. Isaias Pollich I', 'Consequatur necessitatibus non in qui laborum. Minima nesciunt quos perspiciatis necessitatibus quaerat temporibus repellendus. Et voluptas hic in consectetur tempore cum suscipit. Placeat inventore et quaerat est.', 2, '2018-09-01 08:52:32', '2018-09-01 08:52:32'),
(61, 9, 'Kaitlyn Davis', 'Adipisci aut ut unde perspiciatis. Quo nulla optio quod a qui minima. Culpa officia fugiat labore sunt repellendus dolores vero id. Occaecati unde eum quidem necessitatibus.', 5, '2018-09-01 08:52:32', '2018-09-01 08:52:32'),
(62, 13, 'Frederic Jaskolski Sr.', 'Ex vel aliquam porro ratione necessitatibus. Aut fuga autem excepturi blanditiis. Minima officia et officia dolorem et aspernatur. Adipisci in reprehenderit rerum itaque ipsa quo illo.', 1, '2018-09-01 08:52:32', '2018-09-01 08:52:32'),
(63, 47, 'Maureen Jones', 'Molestiae eos enim accusamus quibusdam similique ut officiis est. Nesciunt quaerat a quia maiores et fugiat ut facilis. Illum explicabo cupiditate voluptatem voluptatem ipsam excepturi.', 4, '2018-09-01 08:52:32', '2018-09-01 08:52:32'),
(64, 27, 'Ms. Golda Mills MD', 'Ipsum beatae voluptatem aut qui iusto ducimus placeat. Ducimus et iste sit fuga rerum et ut. Illum ut sed eum ipsam ut soluta quae.', 2, '2018-09-01 08:52:32', '2018-09-01 08:52:32'),
(65, 17, 'Mrs. Anjali Koelpin', 'Laborum sed non quia aut voluptatum. Qui atque doloremque odio numquam dolor ut. Ut et adipisci et autem.', 0, '2018-09-01 08:52:32', '2018-09-01 08:52:32'),
(66, 5, 'Shaina Ritchie II', 'Est qui porro et impedit at quaerat repudiandae esse. Minus sit maiores veritatis sunt at. Quibusdam cum consequatur et tenetur nam est qui necessitatibus. Officia autem nostrum nobis nesciunt nobis sit.', 1, '2018-09-01 08:52:32', '2018-09-01 08:52:32'),
(67, 42, 'Mr. Jayme Schowalter', 'Harum debitis blanditiis iusto sed quis eveniet in. Aliquid corrupti aliquid expedita dolor. Est modi iste veritatis. Sit sit eum ullam iure.', 5, '2018-09-01 08:52:32', '2018-09-01 08:52:32'),
(68, 30, 'Jakayla Sanford', 'Et qui fuga nisi facere. Nesciunt quia quia quo quaerat ratione ut voluptatibus iure. Nihil adipisci commodi et. Harum magnam ducimus consequatur nobis vel voluptas voluptatem.', 1, '2018-09-01 08:52:32', '2018-09-01 08:52:32'),
(69, 74, 'Whitney Hickle', 'Iure unde harum nihil laboriosam rerum aliquam consequuntur. Sint nesciunt animi asperiores quam in sed at. Ducimus necessitatibus tempore quia quis.', 3, '2018-09-01 08:52:32', '2018-09-01 08:52:32'),
(70, 57, 'Janice Kuvalis DDS', 'Quis soluta facilis qui libero illo repellendus repudiandae. Deserunt voluptas quasi minima qui eaque. Ipsum modi nesciunt nihil commodi. Et mollitia qui voluptas dolore qui.', 2, '2018-09-01 08:52:32', '2018-09-01 08:52:32'),
(71, 99, 'Alvina Corkery', 'Ab praesentium quia non voluptas consequuntur. Impedit architecto omnis doloribus odio debitis rem architecto voluptas. Quis odit iste voluptatem ea modi aut et.', 0, '2018-09-01 08:52:32', '2018-09-01 08:52:32'),
(72, 35, 'Dr. Tierra Borer', 'Omnis deserunt quae assumenda molestiae porro perspiciatis. Minus fugiat enim quos et dolorem numquam. Reprehenderit est laborum voluptatum.', 4, '2018-09-01 08:52:32', '2018-09-01 08:52:32'),
(73, 90, 'Alisha Carroll', 'Autem qui sed blanditiis placeat dignissimos laboriosam. Et suscipit alias sed. At nisi id et rem corrupti.', 1, '2018-09-01 08:52:32', '2018-09-01 08:52:32'),
(74, 54, 'Mr. Ariel Stehr Jr.', 'Corrupti consequatur possimus voluptatem et totam consectetur vel et. Veritatis autem voluptas rerum modi enim est sapiente. Voluptas blanditiis praesentium quod ipsa necessitatibus ipsam. Ut hic sed eligendi iusto.', 2, '2018-09-01 08:52:32', '2018-09-01 08:52:32'),
(75, 17, 'Neva Mann', 'Ex laboriosam nisi dignissimos. Eum est quisquam ut. Quia et molestias atque nihil.', 2, '2018-09-01 08:52:32', '2018-09-01 08:52:32'),
(76, 84, 'Kylee Christiansen', 'Perspiciatis rem est ut eveniet. Non rerum eius harum. Autem et aut ratione eum cum aut totam est.', 0, '2018-09-01 08:52:32', '2018-09-01 08:52:32'),
(77, 9, 'Tavares Yundt', 'Aliquam nobis ipsum nulla molestiae. Consequuntur enim qui deserunt. Distinctio fuga incidunt maxime excepturi.', 5, '2018-09-01 08:52:32', '2018-09-01 08:52:32'),
(78, 57, 'Sadye Thompson', 'Perferendis vel quis similique voluptatem labore veniam. Sunt sit quae similique cupiditate provident assumenda quia amet. Consectetur nulla aut consequuntur quia maxime qui. Aliquam fugiat non animi praesentium consequatur ratione.', 3, '2018-09-01 08:52:32', '2018-09-01 08:52:32'),
(79, 63, 'Marianne Jones', 'Sed animi excepturi molestiae ratione tempore voluptatem voluptate. Ut et voluptatem voluptas eius sit. Reiciendis voluptas sit explicabo corrupti rerum. Dolorum nemo eligendi aut sapiente et dolores molestiae.', 4, '2018-09-01 08:52:32', '2018-09-01 08:52:32'),
(80, 35, 'Erwin Hessel', 'Mollitia molestiae et sapiente iste ut ad veritatis quaerat. Labore voluptas libero voluptate sed. Aperiam dolores dolor corrupti facere.', 0, '2018-09-01 08:52:32', '2018-09-01 08:52:32'),
(81, 44, 'Prof. Darrel Predovic III', 'Enim voluptatem vel eum minima. Nisi voluptatibus eum soluta. Sit quia autem accusantium et aspernatur magni. Sapiente ullam aperiam illum nulla consectetur rerum exercitationem. Illo harum nam voluptas qui.', 1, '2018-09-01 08:52:32', '2018-09-01 08:52:32'),
(82, 14, 'Prof. Bud Corkery III', 'Repellendus dicta earum veritatis voluptate et id quas. Facilis aut modi velit consectetur expedita ut. Voluptas rerum est dolor.', 1, '2018-09-01 08:52:32', '2018-09-01 08:52:32'),
(83, 18, 'Stefan Cormier', 'Eos aut et sit et ab. Impedit voluptates assumenda quia nam rem. Magnam inventore vel atque possimus est. Laudantium autem non omnis officia quod doloremque fuga.', 0, '2018-09-01 08:52:32', '2018-09-01 08:52:32'),
(84, 80, 'Dennis Becker', 'Corrupti fugiat quibusdam repellendus odit qui. Voluptatibus omnis provident maxime mollitia. Excepturi iusto labore necessitatibus iusto facere.', 4, '2018-09-01 08:52:32', '2018-09-01 08:52:32'),
(85, 40, 'Brooks Berge', 'Temporibus nihil ducimus rerum optio aperiam ad. Mollitia laboriosam quisquam atque. Omnis voluptatem mollitia consectetur est aliquam dolore. Sapiente voluptatem aut sint voluptas consequatur.', 3, '2018-09-01 08:52:32', '2018-09-01 08:52:32'),
(86, 46, 'Leanna Wiza', 'Pariatur qui earum a est magnam architecto exercitationem. Nihil dolores cum quae fuga. Nobis blanditiis modi ut qui ut. Recusandae aut nostrum et totam vitae eaque voluptatem.', 4, '2018-09-01 08:52:32', '2018-09-01 08:52:32'),
(87, 5, 'Brock Kris', 'Nulla est suscipit labore similique. Commodi illum sint et doloremque ratione architecto excepturi. Mollitia excepturi dolorem possimus voluptatem. Repudiandae reiciendis nihil quod consequatur soluta vitae natus.', 3, '2018-09-01 08:52:32', '2018-09-01 08:52:32'),
(88, 61, 'Neha Waters DDS', 'Ut laudantium maiores provident minima. Repellat cupiditate quia nemo. Et dolores id saepe dolores necessitatibus.', 4, '2018-09-01 08:52:32', '2018-09-01 08:52:32'),
(89, 37, 'Clementine Sauer', 'Cupiditate error quia rem nihil. Dolorum repudiandae molestias blanditiis nihil laborum. Mollitia nobis omnis eos hic inventore voluptatem. Exercitationem ipsam eum ab voluptas cupiditate.', 4, '2018-09-01 08:52:32', '2018-09-01 08:52:32'),
(90, 42, 'Lucas Wolf', 'Possimus alias possimus quia corrupti dicta et consectetur. Quos aliquam est porro et id. Dolor magnam qui laborum perferendis. Rerum animi qui quasi placeat magnam voluptatem laudantium.', 1, '2018-09-01 08:52:32', '2018-09-01 08:52:32'),
(91, 63, 'Darrel Swaniawski', 'Corrupti quia optio molestias at possimus omnis mollitia. Nihil et cumque ab sapiente. Eum vero rem et cupiditate amet enim voluptatem.', 1, '2018-09-01 08:52:32', '2018-09-01 08:52:32'),
(92, 53, 'Dejah VonRueden', 'Nesciunt et autem voluptates maxime. Voluptas aut quos harum optio. Cumque quo omnis iusto.', 1, '2018-09-01 08:52:32', '2018-09-01 08:52:32'),
(93, 87, 'Darian Gutkowski', 'Maiores adipisci id est ipsum itaque est. Maxime placeat repudiandae qui ea sed impedit ab. Nobis deserunt animi ut.', 4, '2018-09-01 08:52:32', '2018-09-01 08:52:32'),
(94, 59, 'Maci Marquardt PhD', 'Dolor eius quo modi et quasi est architecto. Rerum repellendus perferendis dolorum. Et sunt occaecati velit voluptate voluptas harum perferendis. Labore ea quia quia illo.', 3, '2018-09-01 08:52:32', '2018-09-01 08:52:32'),
(95, 24, 'Miss Zoila Koelpin', 'Et ut sunt recusandae ipsam animi unde ut possimus. Saepe omnis quibusdam et ea at porro. Asperiores enim laudantium maxime qui deserunt qui vel eum. In sint vero velit.', 5, '2018-09-01 08:52:32', '2018-09-01 08:52:32'),
(96, 15, 'Neoma Parisian', 'Aperiam atque iusto enim eum dolor a. Asperiores eos accusamus et pariatur ut accusamus. Illo et eaque voluptas voluptas modi.', 0, '2018-09-01 08:52:32', '2018-09-01 08:52:32'),
(97, 100, 'Taryn Bauch', 'Velit aut ad corrupti blanditiis quos autem. Architecto quaerat expedita reprehenderit eligendi fugit ullam.', 2, '2018-09-01 08:52:32', '2018-09-01 08:52:32'),
(98, 62, 'Mabel Conn', 'Magnam eveniet minima cupiditate corporis consectetur omnis maiores. Pariatur sit minus rerum. Consequatur molestiae dolorem reiciendis id voluptatem nostrum et voluptate. Saepe impedit consequuntur veritatis debitis fuga.', 4, '2018-09-01 08:52:32', '2018-09-01 08:52:32'),
(99, 42, 'Scarlett Fisher', 'Sit assumenda hic laborum laborum. Molestias tenetur et provident deleniti iusto. Incidunt quia reiciendis temporibus.', 2, '2018-09-01 08:52:32', '2018-09-01 08:52:32'),
(100, 100, 'Leatha Wuckert', 'Odit doloremque non rerum quo. Voluptatum incidunt dolores quisquam voluptatibus voluptatum reiciendis molestiae. Fugit temporibus cumque non neque. Animi officiis assumenda ab aliquam.', 3, '2018-09-01 08:52:32', '2018-09-01 08:52:32'),
(101, 65, 'Dr. Brooklyn Simonis', 'Sint velit voluptas facilis ut officiis ratione nesciunt natus. Expedita non et et aut facilis enim commodi. Eveniet sequi consequatur qui. Quisquam et iste totam dolor sed accusantium qui voluptatem.', 1, '2018-09-01 08:52:32', '2018-09-01 08:52:32'),
(102, 64, 'Frances McGlynn', 'Et voluptatibus excepturi laudantium veritatis et rerum qui. Aut quasi eius dolores illo. Doloremque et ex incidunt sit est doloremque magnam.', 1, '2018-09-01 08:52:32', '2018-09-01 08:52:32'),
(103, 84, 'Osbaldo Wolf', 'Numquam quisquam iure minus sunt eos molestias voluptatem quis. Consequatur fuga aut et qui aliquam. In rerum eum fuga consectetur exercitationem.', 2, '2018-09-01 08:52:32', '2018-09-01 08:52:32'),
(104, 99, 'Andy Cummings', 'Perferendis corporis eius ad et impedit enim. Quibusdam dolores ea nobis inventore deserunt nemo voluptatem mollitia. Ut omnis odit est sit. Reiciendis veniam qui sint sunt architecto consequatur.', 2, '2018-09-01 08:52:32', '2018-09-01 08:52:32'),
(105, 83, 'Marlee Gleichner', 'Est eos laboriosam nemo ipsum adipisci et quos. Commodi magni est velit veritatis quas aspernatur. Eligendi est commodi nemo. Repudiandae accusantium neque unde.', 3, '2018-09-01 08:52:32', '2018-09-01 08:52:32'),
(106, 37, 'Sabryna Kunze', 'Et optio ipsa quia quo aut velit. Ut assumenda impedit et quo id consequuntur. Et est minima perspiciatis deserunt dolor voluptate. Mollitia corrupti temporibus et accusantium error.', 0, '2018-09-01 08:52:32', '2018-09-01 08:52:32'),
(107, 44, 'Kris Breitenberg', 'Aut animi alias explicabo rerum. Eos quod esse pariatur. Est qui molestiae tempore quia dolorem qui ipsam. Et rem unde recusandae eius.', 0, '2018-09-01 08:52:32', '2018-09-01 08:52:32'),
(108, 39, 'Dudley Pagac MD', 'Odio voluptate est sunt ullam. Consequuntur commodi saepe veritatis cum sint laudantium omnis ratione. Id nostrum et facere minima.', 5, '2018-09-01 08:52:32', '2018-09-01 08:52:32'),
(109, 32, 'Fermin Nolan', 'Qui quibusdam culpa in eius nisi aut perferendis. Quibusdam ad amet quo enim quia molestiae fugiat. Iusto nihil officiis quo et repudiandae non inventore saepe. Ex debitis omnis quam ea.', 0, '2018-09-01 08:52:32', '2018-09-01 08:52:32'),
(110, 6, 'Kelvin Bechtelar', 'Eaque hic in excepturi natus nisi nemo. Debitis et ducimus et natus numquam. Quis commodi non laboriosam rem.', 4, '2018-09-01 08:52:32', '2018-09-01 08:52:32'),
(111, 76, 'Napoleon Schiller V', 'Assumenda enim cumque qui a enim aut architecto. Dolores autem amet quae velit et. Debitis quisquam magni ut aspernatur eos. Labore assumenda officiis dolores.', 4, '2018-09-01 08:52:32', '2018-09-01 08:52:32'),
(112, 4, 'Ms. Delilah Wunsch Jr.', 'Eligendi ut quia rerum est nesciunt consequatur ut. Odit sed nulla eum optio minus ut ut. Nam labore itaque velit asperiores quia.', 2, '2018-09-01 08:52:32', '2018-09-01 08:52:32'),
(113, 97, 'Ryder Rogahn', 'Dolorem repudiandae eveniet labore quia in debitis. Alias odio reprehenderit eum quae. Explicabo itaque voluptas impedit asperiores.', 2, '2018-09-01 08:52:32', '2018-09-01 08:52:32'),
(114, 27, 'Mr. Gavin Stark', 'Recusandae similique earum dicta tempora adipisci. Modi est rerum qui accusantium rerum non. Iste minus tempore rerum ex. Quia beatae voluptatem cupiditate ullam dolor.', 2, '2018-09-01 08:52:32', '2018-09-01 08:52:32'),
(115, 91, 'Demetrius Lynch', 'A delectus fuga nihil vero sit quis. Quia ipsa dolor eligendi repellendus sit.', 1, '2018-09-01 08:52:32', '2018-09-01 08:52:32'),
(116, 11, 'Dewayne Crooks', 'Adipisci aut eligendi est quam nostrum. Ratione libero dolorem rerum neque voluptates quisquam sit. Sapiente reiciendis consequatur quam qui voluptatem ipsa. Maxime facere esse est libero.', 1, '2018-09-01 08:52:32', '2018-09-01 08:52:32'),
(117, 94, 'Kailee Koelpin', 'Quidem et saepe quisquam suscipit architecto vel. Repudiandae est rerum qui libero fugit provident officia ex. Dolorem maiores assumenda reiciendis fuga voluptatem qui provident.', 4, '2018-09-01 08:52:32', '2018-09-01 08:52:32'),
(118, 42, 'Mr. Karl Botsford', 'Libero dolor ut consectetur aliquid rem vitae non. Vitae amet repellat sunt magnam est repellendus.', 5, '2018-09-01 08:52:32', '2018-09-01 08:52:32'),
(119, 8, 'Mr. Stanford Howe', 'Sed quam ipsa sint. Et voluptatibus nobis quia praesentium natus nesciunt doloribus. Est esse pariatur ipsum nemo.', 0, '2018-09-01 08:52:32', '2018-09-01 08:52:32'),
(120, 53, 'Trevion Schoen', 'Accusamus et eveniet blanditiis ex odio. Explicabo quos est atque ducimus soluta. Harum soluta quia amet at.', 3, '2018-09-01 08:52:32', '2018-09-01 08:52:32'),
(121, 44, 'Conor Farrell', 'Eum enim excepturi voluptatem ducimus numquam. Cum explicabo rerum aliquid.', 4, '2018-09-01 08:52:32', '2018-09-01 08:52:32'),
(122, 93, 'Elwyn Mayer', 'Quasi ullam eligendi quia dolorem dignissimos. Iusto ea consequatur vel maiores numquam est quis. Sit modi odit voluptatum sapiente sed.', 1, '2018-09-01 08:52:32', '2018-09-01 08:52:32'),
(123, 80, 'Richard Anderson', 'Porro repudiandae eius cum veniam. Exercitationem voluptas alias et aperiam. Et quaerat aliquid voluptas occaecati eos aut molestiae. Totam aperiam molestias doloremque unde hic eveniet.', 5, '2018-09-01 08:52:32', '2018-09-01 08:52:32'),
(124, 13, 'Miss Wanda Jast', 'Consequatur perferendis incidunt aperiam culpa ducimus quo. Sed consectetur consequuntur veniam natus. Impedit sit excepturi sed quis nihil consequatur quis voluptatem.', 5, '2018-09-01 08:52:32', '2018-09-01 08:52:32'),
(125, 56, 'Hannah Nikolaus', 'Aut rem est aperiam corporis voluptatem iste. Eligendi nihil consequuntur dicta qui. Nostrum aliquid sint nisi. Est consequatur accusamus aliquid quod esse et impedit.', 4, '2018-09-01 08:52:32', '2018-09-01 08:52:32'),
(126, 51, 'Reed Block', 'Repudiandae officia dolorum perspiciatis consectetur numquam sit necessitatibus. Velit tenetur unde odio non et aliquam nulla dolore. Aliquam est id alias iure dolorem. Quas in dolores praesentium sint ea.', 2, '2018-09-01 08:52:32', '2018-09-01 08:52:32'),
(127, 65, 'Miss Myrtice Wintheiser', 'Officia asperiores dicta est consequatur qui et magni. Earum ipsum quae repellat perferendis vel quo. Neque perferendis ea impedit sapiente aliquid aperiam rerum.', 2, '2018-09-01 08:52:32', '2018-09-01 08:52:32'),
(128, 48, 'Bulah Weimann III', 'Beatae accusamus tempore deserunt quia. Consectetur qui beatae dolorum quaerat est hic. Ut dolorem nisi et.', 5, '2018-09-01 08:52:32', '2018-09-01 08:52:32'),
(129, 89, 'Clementina Erdman V', 'Omnis ut occaecati distinctio ducimus. Dolor repellendus architecto enim natus. In et iure dolorem necessitatibus illo vel quibusdam consequatur. Eos facilis sit dolorem ipsum necessitatibus vero quas.', 4, '2018-09-01 08:52:32', '2018-09-01 08:52:32'),
(130, 88, 'Camren Dare', 'Sit quidem nobis sequi dolorum consequuntur esse labore. Omnis numquam blanditiis officiis optio doloribus fugiat minima. Eveniet iure temporibus exercitationem nostrum. Id voluptas non dignissimos voluptas consectetur alias delectus.', 2, '2018-09-01 08:52:32', '2018-09-01 08:52:32'),
(131, 17, 'Freeman Bruen', 'Aut et tempore facere aspernatur officia. Earum harum recusandae est voluptatem accusamus id ab. Aliquid laboriosam laboriosam impedit et corrupti ut. Itaque praesentium minus ut fuga molestias delectus dicta cumque.', 5, '2018-09-01 08:52:32', '2018-09-01 08:52:32'),
(132, 66, 'Lydia Kohler', 'Voluptas ut aliquid eius quas. Maxime corrupti vero voluptas qui rem perferendis. Blanditiis modi ratione occaecati sit quas omnis.', 3, '2018-09-01 08:52:32', '2018-09-01 08:52:32'),
(133, 13, 'Buford Cummings', 'Omnis dignissimos praesentium est consequatur. Itaque et sed ut est. Aut sapiente ut dolor tenetur et dolore. Optio dolore non cupiditate vel quasi.', 1, '2018-09-01 08:52:32', '2018-09-01 08:52:32'),
(134, 73, 'Clara Jaskolski', 'Eius reprehenderit facilis suscipit. Sit vel ea et. Reiciendis corporis rerum laudantium dolorem quo odio provident reiciendis. Error consequuntur itaque cupiditate fuga eveniet quisquam odio. Ducimus quam accusamus excepturi fugiat expedita.', 2, '2018-09-01 08:52:32', '2018-09-01 08:52:32'),
(135, 60, 'Janice Doyle', 'Commodi sint reiciendis quo sunt. Qui labore dolorum voluptatibus perspiciatis modi consectetur. Eveniet ut blanditiis eius ex. Aut reprehenderit illum culpa sapiente.', 3, '2018-09-01 08:52:32', '2018-09-01 08:52:32'),
(136, 69, 'Mr. Julius Cruickshank Jr.', 'Qui sunt et facere rerum qui voluptatem. Id quidem distinctio amet magni adipisci quia. Et non consequatur eos ex ut.', 5, '2018-09-01 08:52:32', '2018-09-01 08:52:32'),
(137, 85, 'Brooklyn Bosco MD', 'Sed odio nemo veniam saepe repudiandae adipisci natus. Numquam maiores aut quasi est. Placeat vero aut ut ut consequatur necessitatibus consequatur.', 4, '2018-09-01 08:52:32', '2018-09-01 08:52:32'),
(138, 24, 'Casper Ebert', 'Occaecati porro suscipit sapiente adipisci. Sunt quibusdam esse tempore. Optio harum ullam eius omnis.', 0, '2018-09-01 08:52:32', '2018-09-01 08:52:32'),
(139, 52, 'Khalil Wisoky', 'Consequatur accusamus qui harum voluptatibus. Ut quasi cumque rerum est adipisci nostrum. Doloremque quidem et facere et repellendus nam.', 0, '2018-09-01 08:52:32', '2018-09-01 08:52:32'),
(140, 22, 'Mrs. Claudine Spencer', 'Voluptates officiis et fugit animi ut non. Numquam voluptates inventore at qui. Velit dignissimos et voluptas qui quia veritatis in. Atque doloremque quia repudiandae aut veritatis ipsa molestiae.', 0, '2018-09-01 08:52:32', '2018-09-01 08:52:32'),
(141, 8, 'Christy Stracke', 'Saepe eius voluptates sapiente alias doloremque. Non ullam debitis pariatur laborum magni praesentium.', 4, '2018-09-01 08:52:32', '2018-09-01 08:52:32'),
(142, 99, 'Payton Deckow', 'Voluptatem quis nam qui atque. Recusandae eum ab sit est. Maxime sed omnis tempore rerum ut iure quasi. Enim necessitatibus ea unde nostrum et neque cumque temporibus.', 5, '2018-09-01 08:52:32', '2018-09-01 08:52:32'),
(143, 86, 'Alex Brakus IV', 'Dolorum eius distinctio quis temporibus sit. Et laborum dolorem quia distinctio. Laborum iusto sunt fugit. Dolor ea laboriosam magni id. Eveniet consequatur aspernatur aut eligendi quos facilis.', 1, '2018-09-01 08:52:32', '2018-09-01 08:52:32'),
(144, 82, 'Antonette Bogan', 'Qui laboriosam quam esse atque odit facere. Ab doloribus eveniet saepe hic aliquid quia. Ullam et dolor in rerum voluptatem eaque veniam. Fuga et maiores reprehenderit inventore sed cumque impedit. Non ullam quibusdam perferendis natus hic nostrum nihil.', 1, '2018-09-01 08:52:32', '2018-09-01 08:52:32'),
(145, 39, 'Julius Schinner DVM', 'Illo error tenetur aperiam. Voluptas molestiae fugiat repellat modi ea. Facere atque consequatur incidunt et saepe.', 5, '2018-09-01 08:52:32', '2018-09-01 08:52:32'),
(146, 98, 'Mrs. Mara Nitzsche', 'Aut velit et beatae iste. Velit laudantium officia quia. Sed autem corrupti tempore tempora deleniti. Vitae fuga vero et nisi. Voluptas nihil quam et hic accusantium dolores error hic.', 3, '2018-09-01 08:52:32', '2018-09-01 08:52:32'),
(147, 56, 'Dr. Ford Schneider MD', 'Nostrum iusto sed id aperiam. Voluptatem aut vitae error qui facere enim et. Eum voluptatem sunt vel quia voluptatem rerum magni sed. Voluptas sed delectus rerum sapiente.', 2, '2018-09-01 08:52:32', '2018-09-01 08:52:32'),
(148, 69, 'Kacie Boyle', 'Voluptas ipsa necessitatibus rem aut recusandae. Omnis ipsam dolores voluptatem voluptas qui est. Quis nisi perspiciatis harum dolores.', 3, '2018-09-01 08:52:32', '2018-09-01 08:52:32'),
(149, 11, 'Prof. Korbin Ferry', 'Vitae qui corrupti nulla nihil aliquam. Consequatur reiciendis nobis deleniti aut nulla qui. Beatae quod dicta aspernatur est quis eos. Et est amet animi minima. Non harum natus ut veritatis ea repellendus quos.', 3, '2018-09-01 08:52:32', '2018-09-01 08:52:32'),
(150, 83, 'Sandra Nolan', 'Ut dolores quis in unde dolorum ullam deserunt non. Sit quibusdam tenetur facilis voluptates laudantium et. Tempore doloribus enim libero. Quasi accusamus doloremque ipsum aut facilis voluptas.', 3, '2018-09-01 08:52:32', '2018-09-01 08:52:32'),
(151, 41, 'Delta Jones', 'Iste impedit quia earum enim sed recusandae voluptas. Dolor rerum autem tempore possimus. Dolorum autem quis eveniet quo et voluptatem. Id illo iusto natus cum aut ut voluptates.', 5, '2018-09-01 08:52:32', '2018-09-01 08:52:32'),
(152, 55, 'Mrs. Letha Anderson III', 'Impedit molestias maxime sit unde aut quo doloribus qui. Dignissimos dolor non consequatur doloremque cumque. Tempore cumque qui iusto provident nobis in. Maxime eaque accusamus velit voluptatibus aut velit.', 3, '2018-09-01 08:52:32', '2018-09-01 08:52:32'),
(153, 63, 'Faye Bartell Jr.', 'Ducimus cupiditate fuga similique explicabo deleniti molestias ipsum accusantium. Ut quibusdam veniam unde qui. Maxime adipisci ut dignissimos voluptatum.', 5, '2018-09-01 08:52:32', '2018-09-01 08:52:32'),
(154, 61, 'Shirley Cremin III', 'Natus eaque harum minima magni vero. Cupiditate omnis quis provident culpa deserunt ducimus. Aut magni quae quod blanditiis voluptatem nostrum inventore. Nobis quasi provident vel exercitationem excepturi facere.', 2, '2018-09-01 08:52:32', '2018-09-01 08:52:32'),
(155, 15, 'Prof. Deron Rodriguez', 'Perferendis sed a nihil voluptatem facere repellat omnis. Facere ea sit sed iusto accusantium quaerat ut. Autem eveniet possimus et nobis. Et aut dolores id ut.', 4, '2018-09-01 08:52:32', '2018-09-01 08:52:32'),
(156, 9, 'Dr. Vernie Nienow Sr.', 'Incidunt quis rerum quos a optio ad vero. Tenetur laborum impedit ab velit architecto ipsa. Eveniet aperiam alias minus.', 1, '2018-09-01 08:52:32', '2018-09-01 08:52:32'),
(157, 11, 'Terrill Collier', 'Blanditiis in totam quia. Ut ab sed vel architecto et tenetur. Ipsum consequatur in at.', 4, '2018-09-01 08:52:32', '2018-09-01 08:52:32'),
(158, 15, 'Dee Pfannerstill', 'Totam ipsam vitae repellendus id ut veritatis. Ea consequatur laudantium dolor et cumque deleniti nostrum quidem. Sit amet maxime maxime asperiores consectetur aut.', 3, '2018-09-01 08:52:32', '2018-09-01 08:52:32'),
(159, 96, 'Ariel Heathcote', 'Iste dolorem quas sunt ut tempore magnam voluptas. Quam perferendis omnis aut maiores voluptatibus dolorum.', 3, '2018-09-01 08:52:32', '2018-09-01 08:52:32'),
(160, 78, 'Eliseo Hammes', 'Id laborum quis illum doloremque. Eos temporibus magni sint sed distinctio distinctio omnis. Est ut dolor adipisci maxime omnis.', 3, '2018-09-01 08:52:32', '2018-09-01 08:52:32'),
(161, 94, 'Kayley Goodwin', 'Totam quae quod sit nam iure quasi nisi. Est sunt saepe enim aut esse aut. Ut incidunt tempora in est iste quo beatae.', 5, '2018-09-01 08:52:32', '2018-09-01 08:52:32'),
(162, 51, 'Prof. Rowland Runte MD', 'Nostrum labore est et ex quo. Ab amet rem voluptatibus quia. Facere neque perferendis et dolor.', 4, '2018-09-01 08:52:32', '2018-09-01 08:52:32'),
(163, 90, 'Dr. Caden Wolf', 'Aut sit error vitae enim consequatur corporis et. Rem praesentium dicta dolorem soluta dolor eligendi qui. Minima alias molestias sint aut dignissimos unde voluptatem. Et nam ea vero dignissimos praesentium.', 3, '2018-09-01 08:52:32', '2018-09-01 08:52:32'),
(164, 58, 'Miss Kirstin Borer II', 'Placeat vero fuga nobis. Voluptatem ex quia vel impedit eum laborum officiis minus. Voluptatem eaque rerum quas perspiciatis autem.', 0, '2018-09-01 08:52:32', '2018-09-01 08:52:32'),
(165, 18, 'Ms. Lacy Hartmann', 'Suscipit tempore alias eum fuga saepe. Voluptas adipisci est eos. Ut unde iusto officiis quis alias.', 4, '2018-09-01 08:52:32', '2018-09-01 08:52:32'),
(166, 59, 'Colton Bartoletti', 'Dignissimos illum enim nemo unde delectus nam dolor. Dignissimos eaque quos praesentium dolorem ad. Suscipit ipsa modi et rerum facere sequi.', 4, '2018-09-01 08:52:32', '2018-09-01 08:52:32'),
(167, 65, 'Danyka Dibbert', 'Earum ut omnis quia temporibus quia sed. Vel velit aut incidunt rem. Earum accusantium nesciunt asperiores laborum et ullam. Et minus veritatis nulla quod. Ut qui voluptates ducimus odit.', 5, '2018-09-01 08:52:32', '2018-09-01 08:52:32'),
(168, 16, 'Marquise Emard', 'Nihil tenetur in quis voluptatum ipsa possimus. Ad aut ut quae error. Velit saepe consequatur mollitia praesentium dolorum culpa rem.', 0, '2018-09-01 08:52:32', '2018-09-01 08:52:32'),
(169, 18, 'Lois Jast', 'Sit quia dignissimos expedita quibusdam itaque. Esse hic vel sed numquam. Quibusdam sed consequatur et placeat non.', 0, '2018-09-01 08:52:32', '2018-09-01 08:52:32'),
(170, 26, 'Kory Hickle Sr.', 'At voluptatem excepturi fugiat consequatur aut pariatur. Mollitia non dicta voluptatibus quia vel reprehenderit. Adipisci a distinctio id qui dolores rerum.', 4, '2018-09-01 08:52:32', '2018-09-01 08:52:32'),
(171, 62, 'Kyler Kuhic', 'Perspiciatis sed et impedit laudantium ea accusantium. Nesciunt illo non quam nihil dolorum porro odio. Sint at quo quas voluptatem quaerat quibusdam totam.', 1, '2018-09-01 08:52:32', '2018-09-01 08:52:32'),
(172, 51, 'Emerson Beahan II', 'Et placeat quos quasi dolores dolor. Repudiandae omnis repellendus incidunt hic quaerat non. Soluta omnis itaque et porro. Omnis omnis reprehenderit consectetur ipsum consequatur corporis. Labore ex possimus rerum aut eos eum.', 1, '2018-09-01 08:52:32', '2018-09-01 08:52:32'),
(173, 4, 'Frieda Paucek', 'Sed quam et libero quia omnis veniam cumque. Corrupti harum modi iure natus facere. Ut suscipit vitae sit ut voluptas laborum praesentium. Temporibus quo vero ut tempora in.', 5, '2018-09-01 08:52:32', '2018-09-01 08:52:32'),
(174, 69, 'Guillermo Pfeffer MD', 'Voluptatibus quia officiis eaque. Animi quibusdam qui qui minus. Reprehenderit quo eum ullam eum nesciunt earum commodi.', 1, '2018-09-01 08:52:32', '2018-09-01 08:52:32'),
(175, 13, 'Lindsay Rippin', 'Voluptatibus facilis et sint error labore omnis molestias. Sit commodi qui deleniti officiis ad adipisci. Quia corporis est ipsam perferendis doloribus ut neque. Quasi aliquid ea ipsum voluptate velit et quas.', 0, '2018-09-01 08:52:32', '2018-09-01 08:52:32'),
(176, 24, 'Prof. Janet Bogisich I', 'Sunt qui veniam consequatur incidunt quisquam id voluptas similique. Nulla laborum pariatur non perferendis nulla sit voluptatibus. Quidem a eveniet nihil. Similique qui maiores omnis dolor quo quam.', 2, '2018-09-01 08:52:32', '2018-09-01 08:52:32'),
(177, 32, 'Green Pfannerstill', 'Quisquam ipsum expedita sunt odit. Aut nemo ex at omnis natus nam quia. Unde officia similique ex debitis autem qui incidunt. Quia ullam eum doloremque ut modi quo vel.', 5, '2018-09-01 08:52:32', '2018-09-01 08:52:32'),
(178, 56, 'Tierra Daugherty IV', 'Sit non dicta hic dicta enim eum. Corporis deleniti aut cum. Doloremque qui id omnis incidunt. Pariatur nisi accusamus doloribus perspiciatis neque qui ut molestiae.', 4, '2018-09-01 08:52:32', '2018-09-01 08:52:32'),
(179, 69, 'Cory Sporer', 'Et reprehenderit non asperiores enim mollitia nihil. Accusamus inventore quas praesentium pariatur neque. Consectetur voluptas voluptatem accusamus possimus. Similique consequatur aut in odio.', 4, '2018-09-01 08:52:32', '2018-09-01 08:52:32'),
(180, 59, 'Mozell White', 'Corrupti nihil voluptates ut temporibus. Ratione qui quos est recusandae. Odit voluptatem cupiditate et voluptas accusantium enim excepturi. Repudiandae ea debitis iste praesentium et iure.', 1, '2018-09-01 08:52:32', '2018-09-01 08:52:32'),
(181, 17, 'Miss Amanda Shields', 'Ipsum sed sint optio dolorum aut. Vero ut qui fuga rerum non nisi qui.', 2, '2018-09-01 08:52:32', '2018-09-01 08:52:32'),
(182, 73, 'Shaun Medhurst', 'Accusantium voluptatum eum sunt voluptatem. Ex enim vero rerum. Et odio iusto rerum deleniti dicta.', 2, '2018-09-01 08:52:32', '2018-09-01 08:52:32'),
(183, 78, 'Matteo Mills', 'Est eius at non non. Optio eaque molestiae eaque error corporis. Voluptatem quibusdam et hic eligendi id est expedita. Rerum est dolor ullam laborum et. Aut alias similique molestiae temporibus qui voluptas quia.', 0, '2018-09-01 08:52:32', '2018-09-01 08:52:32'),
(184, 44, 'Rodrigo Conroy', 'Vel eum quia nihil consequatur ullam quia cupiditate dolor. Iusto autem quo modi officia quisquam. Porro sequi sapiente et quia cumque quos.', 0, '2018-09-01 08:52:32', '2018-09-01 08:52:32'),
(185, 22, 'Dr. Martin Kuhic', 'Voluptas consequuntur eum est quos ea voluptatem. Voluptatem tempora voluptatem praesentium velit ex quaerat vel. Molestiae dolor harum repudiandae. Itaque similique non vero fugiat aliquid quas dolor.', 2, '2018-09-01 08:52:32', '2018-09-01 08:52:32'),
(186, 48, 'Kaitlyn Lebsack', 'Quis id libero iste molestiae iure. Fuga ab expedita nihil quam. Optio ullam rem quis praesentium modi iure doloremque. Fuga ad qui repellat omnis suscipit.', 1, '2018-09-01 08:52:32', '2018-09-01 08:52:32'),
(187, 26, 'Delfina Little', 'Voluptatem cumque expedita facilis. Laborum asperiores in odio est consequatur aut sunt. Illo suscipit nesciunt voluptatibus expedita officia.', 1, '2018-09-01 08:52:32', '2018-09-01 08:52:32'),
(188, 32, 'Osbaldo O\'Keefe', 'Perspiciatis fugit at odit sit et. Rerum vitae est culpa aut tempore quisquam facere. Reprehenderit laborum eligendi cumque aut. Dolorum sunt ea qui commodi vero sunt.', 3, '2018-09-01 08:52:32', '2018-09-01 08:52:32'),
(189, 8, 'Carolyn Johnson', 'Aut est voluptatem accusantium voluptatem et. Temporibus quam ut totam et cupiditate. In aut consequatur quia tempore iure.', 4, '2018-09-01 08:52:32', '2018-09-01 08:52:32'),
(190, 60, 'Fredy Leannon Sr.', 'Qui vel saepe velit. Expedita voluptatem minus nihil modi atque. Vero quo qui necessitatibus dolore. Facilis ad est sit inventore eos repellendus quibusdam at. Qui incidunt dicta nesciunt velit rem ducimus.', 1, '2018-09-01 08:52:32', '2018-09-01 08:52:32'),
(191, 65, 'Asia Olson', 'Autem recusandae accusantium eveniet. Omnis aut alias nesciunt aliquam. Expedita veniam distinctio voluptas perferendis.', 3, '2018-09-01 08:52:32', '2018-09-01 08:52:32'),
(192, 52, 'Miss Rita Bins', 'Suscipit molestiae fugiat praesentium ullam sed temporibus sed. Id voluptas quo esse sed aut in. Aliquid incidunt minus vero sint odit.', 5, '2018-09-01 08:52:32', '2018-09-01 08:52:32'),
(193, 98, 'Matt Trantow', 'Non vel cumque nemo est dolores architecto. Cupiditate magni corporis quam ut non consequuntur. Sequi quisquam neque iste doloribus. Et rerum reiciendis et in et. Dolorem doloribus nobis ducimus et ducimus et.', 0, '2018-09-01 08:52:32', '2018-09-01 08:52:32'),
(194, 38, 'Mr. Nickolas Roob V', 'Corporis sed non neque earum repellat nesciunt quisquam. Alias vero sunt atque est quia. Alias iure est quisquam. Inventore sed sit inventore a.', 1, '2018-09-01 08:52:32', '2018-09-01 08:52:32'),
(195, 37, 'Maya Goodwin I', 'Facere in quod sit neque dolor non qui. Vero dolore maiores exercitationem. Voluptatibus sit ipsa maxime atque. Qui placeat voluptas error in facere veniam.', 2, '2018-09-01 08:52:32', '2018-09-01 08:52:32'),
(196, 96, 'Frederique Larkin', 'Sequi occaecati perferendis ut non fugit qui non. Sint quos est ducimus qui. Est earum ea ea molestiae. Ullam excepturi molestias aut aliquam maiores consequuntur molestias.', 2, '2018-09-01 08:52:32', '2018-09-01 08:52:32'),
(197, 86, 'Cassie Wilderman', 'Repellendus voluptas atque consequuntur veritatis voluptas dicta. Ad eveniet dolorum aut accusamus enim alias sunt in. Ut quaerat voluptatum harum exercitationem sed quis. Cumque sed vel et.', 4, '2018-09-01 08:52:32', '2018-09-01 08:52:32'),
(198, 83, 'Aubree Abernathy', 'Dolorem et sed aut dolorem consequuntur est. Quis aut est impedit recusandae corporis ullam tenetur. Est sint voluptatem est rem.', 3, '2018-09-01 08:52:32', '2018-09-01 08:52:32'),
(199, 28, 'Caesar Kovacek', 'Nemo alias impedit tempore distinctio dicta. Architecto asperiores id et officiis qui quisquam molestias. Eaque quia quia ut vel aut nesciunt dolor. Accusantium sit ratione magnam non sapiente.', 1, '2018-09-01 08:52:32', '2018-09-01 08:52:32'),
(200, 57, 'Alfredo Luettgen I', 'Voluptate perferendis voluptas consequatur. Voluptate nam asperiores veritatis occaecati fugit. Similique amet dolorem ea quod repellat. Est est quam quisquam qui nihil maiores. Non sit sed odit illum aliquid tempore doloribus.', 3, '2018-09-01 08:52:32', '2018-09-01 08:52:32'),
(201, 54, 'Emily Shanahan', 'Aspernatur veritatis ipsa rerum accusantium veniam eos. Voluptatum ratione ducimus quis inventore sit. Quia aspernatur rerum sapiente sapiente qui recusandae. Culpa alias sunt qui minus maxime et ex.', 1, '2018-09-01 08:52:32', '2018-09-01 08:52:32'),
(202, 39, 'June Koelpin', 'Dolores nostrum recusandae voluptas officiis harum. Quidem quo quos non qui commodi nam ex. Consequatur rerum nulla laborum autem rem quas ut. Et fugiat molestias repellendus beatae itaque rerum id.', 1, '2018-09-01 08:52:32', '2018-09-01 08:52:32'),
(203, 36, 'Delpha Cormier DVM', 'Rerum aut qui error voluptatum. Earum est quo ab sit. Fugit cum rerum molestiae hic.', 5, '2018-09-01 08:52:32', '2018-09-01 08:52:32'),
(204, 53, 'Jalon Labadie DDS', 'Quod est ad similique. Magni modi et consequuntur quod voluptatum hic. Voluptas optio delectus vitae nulla animi odio dolore aliquid. Qui aut dolorem voluptatem ducimus optio.', 5, '2018-09-01 08:52:32', '2018-09-01 08:52:32'),
(205, 24, 'Precious Daniel', 'Earum animi excepturi et optio. Aut eos beatae nemo ad. Qui unde harum repellat dicta. Nam rerum sit ut excepturi voluptatem.', 1, '2018-09-01 08:52:32', '2018-09-01 08:52:32'),
(206, 16, 'Kayli Braun', 'Qui voluptates accusantium occaecati eaque. Est nihil consequatur vel facere consectetur et aut.', 2, '2018-09-01 08:52:32', '2018-09-01 08:52:32'),
(207, 66, 'Octavia Monahan', 'Saepe dolores quidem soluta illum repellendus dolorem ea nihil. Molestias voluptatum reiciendis est qui quia.', 4, '2018-09-01 08:52:32', '2018-09-01 08:52:32'),
(208, 18, 'Prof. Mac Rodriguez', 'Aut earum omnis cupiditate molestiae amet. Esse repellat qui ut. Omnis temporibus et vero.', 2, '2018-09-01 08:52:32', '2018-09-01 08:52:32'),
(209, 11, 'Dr. Myrtle Schmidt I', 'Consequatur tempora qui occaecati consequatur dolorem expedita. Et dolore perferendis qui non esse et at et. Reiciendis est qui quaerat ipsam sunt dolores.', 2, '2018-09-01 08:52:32', '2018-09-01 08:52:32'),
(210, 29, 'Adele Murazik', 'Ipsam suscipit repudiandae reprehenderit molestias ea asperiores tempora. Omnis ex dicta quisquam. Et inventore reiciendis saepe eligendi quae.', 4, '2018-09-01 08:52:32', '2018-09-01 08:52:32');
INSERT INTO `reviews` (`id`, `product_id`, `customer`, `review`, `star`, `created_at`, `updated_at`) VALUES
(211, 55, 'Olaf Spinka', 'Sed et at similique. Cumque cupiditate sed sit.', 3, '2018-09-01 08:52:32', '2018-09-01 08:52:32'),
(212, 52, 'Ari Runolfsdottir IV', 'Corporis sed explicabo molestiae asperiores sapiente ratione. Voluptatibus molestiae natus sunt sint aut sapiente quia asperiores. Sed ad fuga doloremque ullam aspernatur. Magni quidem dolorem cumque nam quam reiciendis.', 5, '2018-09-01 08:52:32', '2018-09-01 08:52:32'),
(213, 54, 'Miss Daphne Stamm Jr.', 'Molestiae sapiente pariatur tempora voluptatum harum ea. Quibusdam ut architecto iure culpa. Ratione necessitatibus error aspernatur. Sint laboriosam soluta eos dolor voluptatem vitae eum.', 3, '2018-09-01 08:52:32', '2018-09-01 08:52:32'),
(214, 2, 'Kelly Erdman', 'Nostrum aliquid expedita veritatis sit pariatur excepturi iste. Sint excepturi quibusdam animi tenetur nihil cumque et.', 0, '2018-09-01 08:52:32', '2018-09-01 08:52:32'),
(215, 94, 'Rebeka Pollich', 'Officiis ex reiciendis ab repellat. Fuga consequatur natus saepe quidem autem iusto. In molestiae adipisci in error similique ut. Voluptatum voluptas omnis facere iusto.', 5, '2018-09-01 08:52:32', '2018-09-01 08:52:32'),
(216, 26, 'Michelle Stracke PhD', 'Ullam corrupti aut delectus. Fugiat enim ut ab nemo expedita.', 1, '2018-09-01 08:52:32', '2018-09-01 08:52:32'),
(217, 5, 'Major Halvorson', 'Et aut ad quis asperiores est dignissimos at. Natus occaecati et corrupti nihil eveniet voluptas. Optio laudantium possimus necessitatibus fuga neque odio qui.', 5, '2018-09-01 08:52:32', '2018-09-01 08:52:32'),
(218, 63, 'Connie Hansen', 'Doloribus accusantium assumenda sunt consectetur eius. Itaque dolorum similique asperiores repellendus. Ut quia inventore consequatur molestiae consequatur omnis voluptas.', 3, '2018-09-01 08:52:32', '2018-09-01 08:52:32'),
(219, 1, 'Ariel Roberts', 'Hic consequatur in et possimus rerum qui. Earum dolores itaque id adipisci.', 3, '2018-09-01 08:52:32', '2018-09-01 08:52:32'),
(220, 77, 'Eryn Bernier', 'Molestiae voluptatem optio voluptatem eos qui placeat velit. Ullam exercitationem autem occaecati perspiciatis voluptatem perferendis. Ullam qui et adipisci et repellendus cum. Alias iusto in rerum.', 1, '2018-09-01 08:52:32', '2018-09-01 08:52:32'),
(221, 7, 'Prof. Davonte Ryan', 'Maiores iure tempore sequi voluptatem dolores consequatur. Ea dolorem eligendi maxime vel ut. Aut ex repellendus illo. Debitis explicabo tempore odio voluptatem quod ratione.', 0, '2018-09-01 08:52:32', '2018-09-01 08:52:32'),
(222, 77, 'Alysa Dietrich', 'Dolores vel quo atque eos officiis. Commodi sit qui porro laudantium amet.', 0, '2018-09-01 08:52:32', '2018-09-01 08:52:32'),
(223, 84, 'Prof. Lexi Stanton MD', 'Officia quia esse voluptate quis rerum est. Aut qui necessitatibus quia officiis veritatis recusandae aut. Odio eos temporibus repellendus mollitia libero deserunt sed. Ullam consequatur enim labore repellendus aut enim et ut.', 5, '2018-09-01 08:52:32', '2018-09-01 08:52:32'),
(224, 74, 'Eli Runte', 'Cum rem eius ratione ratione. Unde numquam omnis sequi. Quae reprehenderit dolores ratione iste.', 4, '2018-09-01 08:52:32', '2018-09-01 08:52:32'),
(225, 60, 'Michael Welch', 'Placeat at voluptate repudiandae explicabo repellat omnis. Ipsa tenetur et porro maiores. Deserunt vel adipisci quisquam est vitae. Odio maiores maiores dolores rerum doloribus fuga. Odio ipsam ut optio architecto similique.', 5, '2018-09-01 08:52:32', '2018-09-01 08:52:32'),
(226, 86, 'Prof. Howard Thiel IV', 'Eum totam sed accusantium esse qui dolor. Odio nemo qui sed nisi. Quis omnis consequuntur ullam quis enim reiciendis eligendi deleniti. Et molestiae repellendus ratione et quam voluptatem.', 5, '2018-09-01 08:52:32', '2018-09-01 08:52:32'),
(227, 69, 'Prof. Genoveva Klocko DDS', 'Repellat amet sunt eum tenetur. Ipsa facilis at ut et sit dolore natus.', 3, '2018-09-01 08:52:32', '2018-09-01 08:52:32'),
(228, 76, 'Mr. Haskell Effertz', 'Vel vitae beatae et quia vero. Omnis culpa totam voluptatem veniam consectetur libero ex. Aut aperiam eveniet explicabo.', 1, '2018-09-01 08:52:32', '2018-09-01 08:52:32'),
(229, 85, 'Sabina Becker', 'Inventore eius nisi amet nihil eos aut. Omnis aspernatur dolor sit ut et. Placeat qui quo impedit autem quia sint dolor. Eius et earum ut tenetur fugit dignissimos quam laborum.', 0, '2018-09-01 08:52:32', '2018-09-01 08:52:32'),
(230, 25, 'Darrell Schultz', 'Rem illum deserunt sint at. Vel rem est animi nulla dolores dolor consequatur. Est et explicabo mollitia soluta facere aliquid.', 4, '2018-09-01 08:52:32', '2018-09-01 08:52:32'),
(231, 18, 'Russel Lockman', 'Et nam ipsum aliquam molestiae velit. Ad et nesciunt minima nobis odio quas qui. Nesciunt id exercitationem sed asperiores autem debitis quaerat eos.', 4, '2018-09-01 08:52:32', '2018-09-01 08:52:32'),
(232, 92, 'Cyrus Walsh', 'Esse assumenda eum nihil. Eligendi aliquam ut praesentium autem. Deserunt corrupti ut quas modi quia qui. Voluptate et necessitatibus fugit qui.', 2, '2018-09-01 08:52:32', '2018-09-01 08:52:32'),
(233, 86, 'Howell D\'Amore', 'Aut ratione eum itaque et. Odit rem tempora quod ea facilis aspernatur velit. Aspernatur tempora quasi praesentium amet et in numquam. Deleniti qui molestiae enim odio voluptatem assumenda eaque.', 1, '2018-09-01 08:52:32', '2018-09-01 08:52:32'),
(234, 67, 'Casper Ritchie', 'In sint aliquam enim eos magni. Voluptate ullam et praesentium. Porro enim ut deleniti autem rem autem.', 5, '2018-09-01 08:52:32', '2018-09-01 08:52:32'),
(235, 26, 'Reanna Wilkinson', 'Voluptate iure velit provident voluptatem perspiciatis qui corporis. Illo ex quibusdam praesentium tempora. Beatae doloribus dolor laboriosam illum maiores aperiam. Aut cum sed aliquam laudantium.', 5, '2018-09-01 08:52:32', '2018-09-01 08:52:32'),
(236, 67, 'Stacy Gulgowski', 'Omnis nulla quod voluptas maxime voluptatem amet ut. Reprehenderit dignissimos earum facilis dignissimos. Quia et atque occaecati dolore eum ut qui.', 5, '2018-09-01 08:52:32', '2018-09-01 08:52:32'),
(237, 63, 'Hassie Ankunding', 'Fugiat corrupti porro perferendis ipsam sint aut et. Culpa illo reiciendis itaque sunt amet corrupti. Facilis doloremque et ea aliquid quas libero in id.', 1, '2018-09-01 08:52:32', '2018-09-01 08:52:32'),
(238, 7, 'Cooper Konopelski', 'Cupiditate aut nesciunt rerum ea. Soluta voluptatem voluptas aspernatur praesentium sunt rem. Facere maxime expedita sint doloribus iste commodi enim. Sed consequatur amet voluptate quidem quibusdam assumenda.', 2, '2018-09-01 08:52:32', '2018-09-01 08:52:32'),
(239, 8, 'Hillard Crist', 'Autem et et impedit quia non. Quis dicta aut facere aperiam odit sint est exercitationem. Perspiciatis rerum magnam totam deserunt earum minus.', 2, '2018-09-01 08:52:32', '2018-09-01 08:52:32'),
(240, 85, 'Felipa Brakus', 'Voluptas nihil vero expedita harum quas. Error fugiat consequuntur ut tempore qui. Ullam animi enim tempore qui culpa. Ea et deserunt nisi consequatur expedita.', 2, '2018-09-01 08:52:32', '2018-09-01 08:52:32'),
(241, 61, 'Leonor Pfannerstill MD', 'Et et qui ut quia voluptatum. Velit sequi est blanditiis omnis enim tempora impedit. Impedit eos explicabo a.', 5, '2018-09-01 08:52:32', '2018-09-01 08:52:32'),
(242, 10, 'Jeffry Lindgren', 'Placeat occaecati voluptatem quis qui aliquam soluta molestiae. Sed explicabo repellendus quaerat doloremque quasi culpa. Et suscipit facilis non et quia natus ad.', 5, '2018-09-01 08:52:32', '2018-09-01 08:52:32'),
(243, 77, 'Dr. Jace Morar V', 'Soluta consequatur est placeat suscipit asperiores voluptate. Iste consequatur illum sit dolorem. Dignissimos cumque debitis totam similique sint.', 1, '2018-09-01 08:52:32', '2018-09-01 08:52:32'),
(244, 62, 'Dr. Maximilian Streich DVM', 'Ut est dolores quo consequatur provident. Sint reiciendis provident quasi dolorem consectetur cum. Voluptate ad eaque explicabo architecto odit nulla.', 0, '2018-09-01 08:52:32', '2018-09-01 08:52:32'),
(245, 68, 'Prof. Darrin Jast IV', 'Sint quo corporis aliquam quia iste est et. Dolores cupiditate eos eveniet tempore. Fuga nostrum aperiam est id distinctio repellendus. Est quaerat sed iste est.', 2, '2018-09-01 08:52:32', '2018-09-01 08:52:32'),
(246, 67, 'Kaela Sauer', 'Autem deleniti veritatis est ipsam et voluptatum esse. Est optio ratione labore et architecto. Nostrum neque molestias ut aut. Sed aspernatur laboriosam praesentium possimus optio ut.', 1, '2018-09-01 08:52:32', '2018-09-01 08:52:32'),
(247, 56, 'Faustino Ratke', 'Quaerat molestiae est dignissimos delectus. Dolorem velit laudantium exercitationem et quae vel quos. Similique repellendus sapiente blanditiis et modi ut. Rerum rem qui nisi quis ipsum placeat sit.', 2, '2018-09-01 08:52:32', '2018-09-01 08:52:32'),
(248, 37, 'Prof. Dejon Muller Sr.', 'Corporis sint amet velit quidem. Dolorem ea assumenda et dolores ut facilis. Saepe eius nobis dignissimos.', 5, '2018-09-01 08:52:32', '2018-09-01 08:52:32'),
(249, 92, 'Jorge Lind', 'Vel quos unde et voluptatibus nobis voluptatum. Voluptatum tempora delectus qui eos quo repudiandae.', 0, '2018-09-01 08:52:32', '2018-09-01 08:52:32'),
(250, 81, 'Magnolia Stroman V', 'In numquam accusantium architecto voluptatem magni. Provident quo ut mollitia nam quibusdam et placeat vel. Possimus mollitia necessitatibus id illo eveniet fugiat. Illo sunt id velit quo rerum ratione. Aspernatur voluptatem qui alias doloremque debitis perspiciatis nisi.', 2, '2018-09-01 08:52:32', '2018-09-01 08:52:32'),
(251, 35, 'Meagan Ruecker', 'Rem quae alias accusamus accusantium. Quia aut tempore est cumque porro ab iste.', 5, '2018-09-01 08:52:32', '2018-09-01 08:52:32'),
(252, 78, 'Mr. Rodger Hermann', 'Temporibus non earum porro fugit et expedita dolores sed. Reiciendis quo dolor unde in natus tenetur et. Sed maxime voluptas consequatur consequatur optio doloremque. Quam voluptatem vel a sunt.', 2, '2018-09-01 08:52:32', '2018-09-01 08:52:32'),
(253, 100, 'Garrison Doyle II', 'Dolorem voluptas dicta illum. Autem minima doloribus deleniti totam dignissimos dolore. Sequi necessitatibus et dolor inventore.', 4, '2018-09-01 08:52:32', '2018-09-01 08:52:32'),
(254, 82, 'Sonny Gleason IV', 'Laudantium labore fuga dignissimos aut ex recusandae cupiditate. Quos quasi dolores et deserunt.', 0, '2018-09-01 08:52:32', '2018-09-01 08:52:32'),
(255, 50, 'Mrs. Jaida Moore I', 'Magni error ad rem dolor aut aut. Qui tempora minus quaerat. Perferendis omnis consequatur dolorem quia est rerum.', 5, '2018-09-01 08:52:32', '2018-09-01 08:52:32'),
(256, 86, 'Karolann Spinka', 'Et porro fuga necessitatibus esse. Voluptatum ab iure dolores nulla cum est. Consequatur numquam praesentium velit molestiae numquam velit at.', 3, '2018-09-01 08:52:32', '2018-09-01 08:52:32'),
(257, 52, 'Sharon Dickinson', 'Vitae similique porro repellendus aut soluta ullam. Autem aliquid voluptatem ea iste et.', 5, '2018-09-01 08:52:32', '2018-09-01 08:52:32'),
(258, 59, 'Willa Rodriguez', 'Eius voluptas culpa vel commodi harum ut quia commodi. Ea non eum fugiat pariatur dolor. Voluptatibus ullam iste libero beatae magnam molestiae repudiandae. Sed dolorem autem corrupti deserunt. Error eos voluptas perferendis eos sit.', 0, '2018-09-01 08:52:32', '2018-09-01 08:52:32'),
(259, 48, 'Ms. Neha Macejkovic', 'Nobis commodi et quas pariatur et officia. Culpa consequuntur aut aut dolorem. Non possimus doloribus libero molestias non minus magni dolore.', 3, '2018-09-01 08:52:32', '2018-09-01 08:52:32'),
(260, 60, 'Sigrid Miller', 'Accusantium mollitia aut et consequatur. Qui rerum at sit sed. Mollitia ducimus quidem rerum dicta distinctio quis perferendis.', 2, '2018-09-01 08:52:32', '2018-09-01 08:52:32'),
(261, 28, 'Sven Witting', 'Accusamus sequi labore recusandae iusto vero pariatur. Aut nam quos omnis sequi ut dolorum. Inventore enim vitae omnis numquam dolores numquam quaerat.', 5, '2018-09-01 08:52:32', '2018-09-01 08:52:32'),
(262, 45, 'Adolph Dicki', 'Tenetur assumenda accusantium at blanditiis expedita sit. Pariatur eaque sapiente cum sequi aut ab aut. Pariatur ea incidunt delectus aut quaerat.', 3, '2018-09-01 08:52:32', '2018-09-01 08:52:32'),
(263, 70, 'Mrs. Providenci Frami Jr.', 'Placeat omnis ut aliquid excepturi. Quia dignissimos quam aut nisi ut et. Libero dolorem eligendi voluptates sed aliquid illum omnis. Quis similique asperiores consectetur saepe quam porro ullam. Dolores exercitationem cum quis occaecati quo temporibus quos rem.', 4, '2018-09-01 08:52:32', '2018-09-01 08:52:32'),
(264, 14, 'Finn Grady', 'Eius voluptates molestiae ut. Quia quasi sapiente iusto at et. Non voluptatem distinctio assumenda explicabo tempora. Voluptatem voluptate quibusdam quia deserunt corrupti voluptatem veritatis.', 4, '2018-09-01 08:52:32', '2018-09-01 08:52:32'),
(265, 87, 'Theresa Rolfson PhD', 'Dolores molestiae similique sapiente fugiat accusamus. Natus aut excepturi fugit iure sed vero et. At culpa ut vel et.', 3, '2018-09-01 08:52:32', '2018-09-01 08:52:32'),
(266, 58, 'Isom Haley', 'Commodi et sapiente consectetur at sint. Similique quis molestias sequi qui nostrum. Modi laborum qui ducimus temporibus rem.', 4, '2018-09-01 08:52:32', '2018-09-01 08:52:32'),
(267, 88, 'Cooper Fadel', 'Tenetur est qui dicta eveniet porro placeat quaerat. Ullam modi doloribus dignissimos itaque ducimus qui laborum. Occaecati consequuntur et dignissimos voluptas quidem aut rerum tenetur. Ab iure reprehenderit vitae iusto delectus ratione.', 3, '2018-09-01 08:52:32', '2018-09-01 08:52:32'),
(268, 61, 'Chauncey Cronin', 'Corporis magnam libero eius. Vitae et praesentium in ea delectus aspernatur qui. Dolorem enim corrupti veniam illum ducimus dolor ea. Quia non nam quam sequi eos a.', 1, '2018-09-01 08:52:32', '2018-09-01 08:52:32'),
(269, 23, 'Miracle Sporer', 'Aliquid ea fuga quia laboriosam. Porro soluta consequatur iure accusantium. Repudiandae odit sapiente labore voluptas quis recusandae dolorem.', 0, '2018-09-01 08:52:32', '2018-09-01 08:52:32'),
(270, 56, 'Mr. Jalen Nolan', 'Ut possimus delectus nihil aliquam perspiciatis. Voluptatem aspernatur tempora sed rerum quia placeat atque. Et eius tempore voluptatibus facilis ducimus.', 1, '2018-09-01 08:52:32', '2018-09-01 08:52:32'),
(271, 95, 'Berniece Mayert', 'Amet reiciendis quis numquam perspiciatis occaecati. Dolor distinctio amet qui aliquam doloremque. Qui veritatis ut omnis.', 3, '2018-09-01 08:52:32', '2018-09-01 08:52:32'),
(272, 3, 'Emery Kautzer', 'Exercitationem architecto facilis ratione impedit quas modi. Eligendi sed animi culpa modi reprehenderit vitae numquam. Assumenda culpa illo in est repellendus.', 0, '2018-09-01 08:52:32', '2018-09-01 08:52:32'),
(273, 5, 'Cale Feest', 'Sequi fugiat possimus ut dolores enim. Impedit quas necessitatibus aut ut. Non possimus autem voluptatum. Distinctio eos qui ut ut repellendus animi aut.', 2, '2018-09-01 08:52:32', '2018-09-01 08:52:32'),
(274, 40, 'Dr. Dwight Dibbert', 'Iste quam deleniti et temporibus ut sed quaerat dolor. Ab nam nisi eaque qui. Corporis sed nesciunt velit assumenda.', 1, '2018-09-01 08:52:32', '2018-09-01 08:52:32'),
(275, 52, 'Dr. Nannie Kling MD', 'Quo iure amet molestiae magnam et beatae delectus. Sint nihil neque harum natus ut. Neque repellat sunt quisquam cumque voluptas fugiat quo.', 3, '2018-09-01 08:52:32', '2018-09-01 08:52:32'),
(276, 48, 'Kiarra Dietrich', 'Illum minus est in voluptatem fugit quis maiores. Nisi ut voluptas laboriosam aut molestias odio sunt. Consequatur qui et id quo voluptatem quisquam ipsam cumque. Accusantium explicabo veniam doloribus sit ut.', 0, '2018-09-01 08:52:32', '2018-09-01 08:52:32'),
(277, 83, 'Rosanna Smith MD', 'Reiciendis qui aut nisi iusto quia id laboriosam. Eos ipsum culpa tempora amet dolor ab dolores placeat. Vel corrupti perferendis repellat nihil. Perspiciatis sed pariatur sit facere. Nulla explicabo dolores quia officiis neque voluptas dignissimos.', 0, '2018-09-01 08:52:32', '2018-09-01 08:52:32'),
(278, 75, 'Prof. Emmalee Schneider', 'Itaque repudiandae voluptatem optio saepe. Autem officia ullam beatae voluptatem sunt inventore corporis asperiores. Exercitationem incidunt ullam consequatur odio rem ex velit. Magni quia et et cum vel aut labore.', 0, '2018-09-01 08:52:32', '2018-09-01 08:52:32'),
(279, 62, 'Cleo Abshire', 'Fuga consectetur explicabo exercitationem. Ut sequi voluptatum quaerat eaque in beatae. Est non doloremque veritatis impedit in nulla. Consequatur quo ut voluptatem quod unde.', 0, '2018-09-01 08:52:32', '2018-09-01 08:52:32'),
(280, 44, 'Shaun Crist', 'Et sed dicta deleniti itaque eaque quibusdam. Nobis neque voluptate voluptas recusandae sint ea perspiciatis. Reprehenderit libero asperiores incidunt eum mollitia vel animi.', 4, '2018-09-01 08:52:32', '2018-09-01 08:52:32'),
(281, 81, 'Mrs. Verna Pfannerstill I', 'Accusamus facilis aliquid incidunt incidunt minima. Necessitatibus cum dignissimos id vel quaerat ratione. Vel aut nobis molestiae et et itaque architecto. Molestiae optio aut error eum. Dolorum excepturi et alias sit earum.', 3, '2018-09-01 08:52:32', '2018-09-01 08:52:32'),
(282, 2, 'Raven McClure', 'Excepturi aliquam necessitatibus rerum magni atque distinctio. Quibusdam iure rerum sunt quo odio mollitia qui.', 4, '2018-09-01 08:52:32', '2018-09-01 08:52:32'),
(283, 84, 'Prof. Alford Bosco', 'Incidunt voluptas voluptatibus nobis dolor nihil voluptate voluptatem. Id repudiandae ab quia ad. Quia aperiam voluptatum ut nisi mollitia sequi laboriosam. Ea illo at quis corrupti sunt consequatur harum.', 3, '2018-09-01 08:52:32', '2018-09-01 08:52:32'),
(284, 19, 'Prof. Beulah Hegmann', 'Nobis aut et tempore. Atque est qui eum dolorum sit modi magni. Cum et illum sapiente iste omnis numquam non. Impedit qui consequatur earum provident iure.', 3, '2018-09-01 08:52:32', '2018-09-01 08:52:32'),
(285, 30, 'Prof. Stewart Klocko Jr.', 'Nam ut autem ad sequi eos tenetur. Alias impedit quo dolores fugit ipsum aut aut. Molestiae totam ut quas. Aut aut harum rerum sunt tempora. Et quia itaque provident.', 0, '2018-09-01 08:52:32', '2018-09-01 08:52:32'),
(286, 92, 'Prince Hirthe', 'Modi nobis placeat dolorem ab ab. Est et vitae cumque accusamus aspernatur quo. Autem recusandae tempore possimus est pariatur. Fugit dolores enim ab officiis voluptatibus repudiandae deleniti.', 1, '2018-09-01 08:52:32', '2018-09-01 08:52:32'),
(287, 6, 'Webster Leffler', 'Ad explicabo incidunt inventore ex voluptatem. Ut qui eum distinctio laborum illum. Expedita illo et dolores. Libero nostrum at quibusdam facilis quis.', 1, '2018-09-01 08:52:32', '2018-09-01 08:52:32'),
(288, 93, 'Prof. Wallace Beier', 'Vel est ut earum eius dolorem et nam. Velit nostrum quaerat autem. Consequatur dolorem tempore iure molestias temporibus nulla. Non ea aut maiores qui consequatur animi ipsam.', 0, '2018-09-01 08:52:32', '2018-09-01 08:52:32'),
(289, 88, 'Ms. Trisha McClure Jr.', 'Pariatur aliquid similique quis et voluptate nihil atque eos. Sed impedit recusandae dicta reprehenderit. Quibusdam a molestiae fugiat tempora.', 3, '2018-09-01 08:52:32', '2018-09-01 08:52:32'),
(290, 61, 'Reginald Shanahan', 'Pariatur nobis voluptatem aliquam reiciendis. Nisi voluptas consectetur excepturi. Ut dolor repudiandae nisi distinctio aut.', 5, '2018-09-01 08:52:32', '2018-09-01 08:52:32'),
(291, 27, 'Octavia Gutmann', 'Commodi voluptatibus libero dolore aut explicabo accusantium alias. Quidem possimus voluptatibus ullam nihil. Iste ratione sunt eaque voluptas quas dolore commodi odit.', 4, '2018-09-01 08:52:32', '2018-09-01 08:52:32'),
(292, 58, 'Abe Goyette', 'Porro quas sed at est aut. Omnis ut ut possimus quod veniam est dolorum. Fugiat ex dolorem vel sit id architecto. Nobis reprehenderit quasi ut voluptatem nisi adipisci.', 5, '2018-09-01 08:52:32', '2018-09-01 08:52:32'),
(293, 11, 'Caroline Robel', 'Incidunt delectus inventore nobis molestias non. Omnis optio sed numquam impedit vel voluptatem explicabo. Quia quo at vel modi.', 2, '2018-09-01 08:52:32', '2018-09-01 08:52:32'),
(294, 19, 'Prof. Wanda Hahn V', 'Harum quis quibusdam sit ipsa rerum neque et. Facere in fuga veniam magni fugiat ipsum. Blanditiis distinctio atque hic. Laborum voluptas inventore quia nulla.', 0, '2018-09-01 08:52:32', '2018-09-01 08:52:32'),
(295, 86, 'Winfield West', 'Omnis occaecati nihil quibusdam dolor et sapiente iure. Qui sint quas velit ad suscipit. Quis et laudantium et enim et debitis. Voluptatibus iure aut quidem et laboriosam laborum repudiandae.', 5, '2018-09-01 08:52:32', '2018-09-01 08:52:32'),
(296, 4, 'Jeffery Leannon', 'Eligendi eum quis est tempore aperiam et esse. Esse dolores quas dolor qui enim sint. Velit optio enim est sint ab mollitia placeat.', 4, '2018-09-01 08:52:32', '2018-09-01 08:52:32'),
(297, 72, 'Dax Zieme', 'Incidunt cumque fuga beatae accusantium quod eaque. Quia doloribus error reiciendis exercitationem. Nisi error animi molestiae porro iste minus. Necessitatibus similique enim exercitationem nostrum.', 4, '2018-09-01 08:52:32', '2018-09-01 08:52:32'),
(298, 99, 'Prof. Wilburn Cummings III', 'Velit fuga provident quos vero blanditiis aut quo. Itaque voluptas aut animi accusantium et modi id. Voluptatem est culpa ullam qui. Aut aut sint voluptas.', 2, '2018-09-01 08:52:32', '2018-09-01 08:52:32'),
(299, 68, 'Margret Quigley', 'Aut nulla porro odio voluptatibus. Praesentium illo saepe nesciunt quo adipisci exercitationem ut. Eos consequatur exercitationem corrupti porro error qui tenetur. Recusandae rerum voluptatem facilis facilis expedita vitae consequatur fuga.', 2, '2018-09-01 08:52:32', '2018-09-01 08:52:32'),
(300, 57, 'Roberto Hammes', 'Est fugit sint sequi sunt. Quod enim eum ut odit. Omnis amet sit iure assumenda vitae in sed ea. Aut nobis tempore repellendus voluptatem laudantium.', 4, '2018-09-01 08:52:32', '2018-09-01 08:52:32');

-- --------------------------------------------------------

--
-- Table structure for table `users`
--

DROP TABLE IF EXISTS `users`;
CREATE TABLE IF NOT EXISTS `users` (
  `id` int(10) UNSIGNED NOT NULL AUTO_INCREMENT,
  `name` varchar(191) COLLATE utf8mb4_unicode_ci NOT NULL,
  `email` varchar(191) COLLATE utf8mb4_unicode_ci NOT NULL,
  `password` varchar(191) COLLATE utf8mb4_unicode_ci NOT NULL,
  `remember_token` varchar(100) COLLATE utf8mb4_unicode_ci DEFAULT NULL,
  `created_at` timestamp NULL DEFAULT NULL,
  `updated_at` timestamp NULL DEFAULT NULL,
  PRIMARY KEY (`id`),
  UNIQUE KEY `users_email_unique` (`email`)
) ENGINE=MyISAM DEFAULT CHARSET=utf8mb4 COLLATE=utf8mb4_unicode_ci;
COMMIT;

/*!40101 SET CHARACTER_SET_CLIENT=@OLD_CHARACTER_SET_CLIENT */;
/*!40101 SET CHARACTER_SET_RESULTS=@OLD_CHARACTER_SET_RESULTS */;
/*!40101 SET COLLATION_CONNECTION=@OLD_COLLATION_CONNECTION */;
